0,you
1,the
2,it
3,that
4,a
5,what
6,i
7,is
8,do
9,and
10,to
11,in
12,there
13,this
14,we
15,on
16,go
17,here
18,your
19,can
20,he
21,are
22,no
23,see
24,don't
25,look
26,put
27,like
28,gonna
29,of
30,did
31,where
32,get
33,have
34,wanna
35,up
36,with
37,for
38,they
39,me
40,mommy
41,good
42,think
43,at
44,say
45,she
46,little
47,not
48,now
49,all
50,some
51,does
52,how
53,was
54,out
55,who
56,be
57,so
58,am
59,down
60,baby
61,my
62,yes
63,play
64,make
65,back
66,eat
67,his
68,over
69,too
70,her
71,about
72,big
73,but
74,take
75,daddy
76,if
77,them
78,more
79,him
80,book
81,would
82,then
83,why
84,those
85,have_to
86,when
87,an
88,off
89,these
90,sit
91,need
92,thank_you
93,other
94,boy
95,try
96,give
97,nice
98,ball
99,car
100,were
101,could
102,time
103,read
104,another
105,bye
106,hand
107,will
108,call
109,help
110,house
111,hi
112,girl
113,open
114,find
115,bear
116,uhoh
117,away
118,head
119,hold
120,wait
121,water
122,box
123,please
124,pretty
125,around
126,talk
127,push
128,show
129,today
130,toy
131,bird
132,red
133,any
134,watch
135,kitty
136,cookie
137,picture
138,gotta
139,blue
140,chair
141,because
142,nose
143,cat
144,better
145,eye
146,hat
147,mouth
148,hello
149,dog
150,work
151,bed
152,hair
153,lot
154,which
155,throw
156,first
157,love
158,juice
159,day
160,cow
161,drink
162,truck
163,shoe
164,people
165,green
166,pick
167,home
168,bunny
169,milk
170,walk
171,by
172,new
173,animal
174,close
175,sleep
176,our
177,bring
178,school
179,pull
180,clean
181,door
182,train
183,hear
184,man
185,stay
186,much
187,fall
188,stop
189,into
190,cup
191,duck
192,table
193,yellow
194,kiss
195,fix
196,block
197,ear
198,careful
199,ride
200,tree
201,horse
202,sing
203,egg
204,face
205,hurt
206,fit
207,hard
208,their
209,pig
210,fish
211,outside
212,orange
213,jump
214,finish
215,story
216,food
217,chicken
218,apple
219,paper
220,room
221,telephone
222,draw
223,stand
224,long
225,morning
226,wash
227,bite
228,us
229,tape
230,after
231,finger
232,hot
233,flower
234,inside
235,run
236,light
237,friend
238,foot
239,cheese
240,before
241,under
242,cold
243,old
244,touch
245,bottle
246,next
247,last
248,hungry
249,build
250,spoon
251,happy
252,diaper
253,cry
254,grandma
255,tire
256,night
257,cut
258,bus
259,brush
260,later
261,tickle
262,white
263,airplane
264,potato
265,yourself
266,stick
267,peekaboo
268,shirt
269,breakfast
270,arm
271,listen
272,button
273,store
274,dress
275,crayon
276,coffee
277,night_night
278,puzzle
279,buy
280,hit
281,dirty
282,elephant
283,moo
284,quack
285,catch
286,sheep
287,puppy
288,stuck
289,blow
290,leg
291,black
292,sock
293,break
294,drive
295,pretend
296,monkey
297,rock
298,shake
299,lunch
300,bad
301,knock
302,write
303,choo
304,mouse
305,cake
306,game
307,hide
308,toe
309,farm
310,lady
311,window
312,swim
313,doll
314,pumpkin
315,pants
316,yesterday
317,dance
318,brown
319,same
320,cute
321,ice_cream
322,money
323,banana
324,boat
325,ouch
326,snow
327,wet
328,bowl
329,lion
330,sun
331,dinner
332,cook
333,wipe
334,nap
335,drop
336,bug
337,dry
338,kitchen
339,climb
340,taste
341,hug
342,rain
343,bubble
344,bath
345,feed
346,doctor
347,behind
348,moon
349,meow
350,fast
351,gone
352,shh
353,sleepy
354,tomorrow
355,frog
356,swing
357,camera
358,paint
359,bread
360,glasses
361,blanket
362,star
363,yum
364,spill
365,cereal
366,balloon
367,mine
368,zoo
369,slide
370,woof
371,poor
372,pour
373,dump
374,bump
375,grandpa
376,fine
377,party
378,chocolate
379,carry
380,cover
381,broken
382,carrot
383,present
384,plate
385,butterfly
386,street
387,sister
388,clap
389,tv
390,comb
391,cracker
392,basket
393,towel
394,bicycle
395,butter
396,tiny
397,turtle
398,yogurt
399,tongue
400,playdoh
401,high
402,full
403,toast
404,scare
405,hammer
406,sad
407,tiger
408,park
409,tonight
410,teddy
411,person
412,sky
413,brother
414,snack
415,potty
416,beach
417,bee
418,key
419,tummy
420,kick
421,clown
422,tractor
423,bean
424,sandwich
425,wind
426,bathroom
427,each
428,pen
429,wake
430,every
431,pillow
432,movie
433,soup
434,share
435,soft
436,pajama
437,sick
438,corn
439,dish
440,owl
441,heavy
442,refrigerator
443,raisin
444,sticky
445,vroom
446,grape
447,strawberry
448,grass
449,pencil
450,lamb
451,nurse
452,uncle
453,smile
454,baa
455,stair
456,knee
457,tissue
458,loud
459,candy
460,clock
461,mad
462,quiet
463,dark
464,rooster
465,giraffe
466,glass
467,medicine
468,plant
469,boot
470,napkin
471,shop
472,gentle
473,purse
474,coat
475,garbage
476,turkey
477,yucky
478,motorcycle
479,hurry
480,booboo
481,empty
482,bead
483,thirsty
484,couch
485,garage
486,donkey
487,aunt
488,bucket
489,fork
490,garden
491,peanut_butter
492,nut
493,splash
494,meat
495,penny
496,squirrel
497,soap
498,lip
499,teacher
500,cheerio
501,bedroom
502,pea
503,asleep
504,wish
505,pickle
506,living_room
507,bathtub
508,ice
509,jacket
510,buttocks
511,pattycake
512,snowman
513,pool
514,pizza
515,ladder
516,bib
517,chase
518,drawer
519,slow
520,roof
521,firetruck
522,picnic
523,slipper
524,tray
525,bat
526,tear
527,chip
528,knife
529,sink
530,trash
531,circus
532,alligator
533,spaghetti
534,fireman
535,shovel
536,pancake
537,zipper
538,closet
539,chin
540,cowboy
541,ant
542,helicopter
543,zebra
544,glue
545,shower
546,pony
547,lick
548,jelly
549,rip
550,hamburger
551,wolf
552,hen
553,penguin
554,stove
555,crib
556,sweater
557,nail
558,police
559,myself
560,noodle
561,goose
562,yard
563,oven
564,toothbrush
565,playground
566,broom
567,stone
568,scissors
569,necklace
570,tooth
571,gum
572,high_chair
573,mitten
574,vacuum
575,applesauce
576,beside
577,radio
578,cloud
579,stroller
580,sweep
581,child
582,salt
583,none
584,muffin
585,noisy
586,lollipop
587,cheek
588,sauce
589,jar
590,sandbox
591,glove
592,belt
593,rocking_chair
594,above
595,cockadoodledoo
596,shoulder
597,skate
598,camp
599,naughty
600,popsicle
601,deer
602,soda
603,moose
604,bench
605,belly_button
606,shorts
607,chalk
608,awake
609,sled
610,woods
611,vitamin
612,hose
613,popcorn
614,lamp
615,sneaker
616,mailman
617,pudding
618,mop
619,vanilla
620,hers
621,pretzel
622,church
623,flag
624,french_fry
625,sofa
626,hate
627,basement
628,country
629,tricycle
630,playpen
631,sidewalk
632,windy
633,underpants
634,backyard
635,green_bean
636,washing_machine
637,dryer
638,coke
639,porch
640,jello
641,scarf
642,tuna
643,walker
644,lawnmower
645,donut
646,babysitter
647,jeans
648,gas_station
649,sprinkler
650,grr
651,downtown
652,snowsuit
653,tights
654,melon
655,ankle
656,'s
657,ing
658,infname
659,oh
660,xxx
661,okay
662,yeah
663,one
664,'re
665,ed
666,n't
667,right
668,let
669,come
670,want
671,know
672,'ll
673,just
674,mhm
675,well
676,huh
677,name
678,hm
679,got
680,very
681,or
682,two
683,alright
684,else
685,tell
686,has
687,thing
688,should
689,honey
690,turn
691,something
692,way
693,mm
694,said
695,'d
696,again
697,kind
698,color
699,em
700,really
701,hey
702,maybe
703,remember
704,had
705,cause
706,uh
707,ah
708,happen
709,from
710,ready
711,use
712,went
713,three
714,wow
715,sure
716,mean
717,done
718,piece
719,um
720,'ve
721,minute
722,sweetie
723,still
724,as
725,funny
726,leave
727,keep
728,wear
729,bit
730,silly
731,top
732,move
733,many
734,whoa
735,guy
736,together
737,yep
738,through
739,might
740,stuff
741,yay
742,o
743,ooh
744,wo
745,da
746,floor
747,made
748,feet
749,great
750,feel
751,saw
752,job
753,shall
754,fun
755,oops
756,ask
757,doggie
758,four
759,while
760,thought
761,though
762,five
763,came
764,page
765,mister
766,fell
767,part
768,sorry
769,only
770,bag
771,anything
772,ha
773,whoops
774,miss
775,even
776,lemme
777,guess
778,birthday
779,ring
780,live
781,different
782,start
783,side
784,pop
785,roll
786,song
787,sound
788,teeth
789,enough
790,goodness
791,found
792,been
793,yet
794,must
795,fly
796,letter
797,rabbit
798,suppose
799,almost
800,b
801,boo
802,bang
803,boom
804,real
805,hole
806,everything
807,oink
808,noise
809,place
810,actually
811,mother
812,microphone
813,probably
814,idea
815,round
816,n
817,already
818,yours
819,took
820,horsie
821,tea
822,word
823,never
824,somebody
825,clothes
826,ate
827,than
828,ahead
829,yummy
830,piggy
831,whole
832,kid
833,may
834,change
835,pink
836,gave
837,circle
838,wrong
839,left
840,gosh
841,wheel
842,sweet
843,matter
844,purple
845,set
846,wee
847,hang
848,e
849,fire
850,tail
851,dinosaur
852,mess
853,count
854,chew
855,number
856,yup
857,nope
858,barn
859,told
860,six
861,pie
862,second
863,favorite
864,woo
865,sometimes
866,small
867,aw
868,all_gone
869,always
870,seven
871,oop
872,recorder
873,both
874,pooh
875,soon
876,bet
877,anymore
878,nothing
879,rest
880,monster
881,wonder
882,ever
883,t
884,fence
885,front
886,seen
887,square
888,ten
889,upstairs
890,week
891,check
892,c
893,shape
894,such
895,dolly
896,eight
897,uhuh
898,everybody
899,music
900,smell
901,doo
902,step
903,beautiful
904,children
905,birdie
906,nine
907,also
908,track
909,either
910,beep
911,hop
912,sweetheart
913,la
914,spot
915,bounce
916,backpack
917,cool
918,own
919,year
920,spider
921,pee
922,engine
923,seat
924,learn
925,ernie
926,special
927,dear
928,god
929,tower
930,hee
931,best
932,missus
933,doggy
934,warm
935,whee
936,lost
937,card
938,wall
939,reach
940,welcome
941,until
942,elmo
943,pocket
944,lay
945,snake
946,someone
947,mirror
948,heh
949,broke
950,pot
951,few
952,care
953,grow
954,eve
955,shut
956,forgot
957,peek
958,christmas
959,caterpillar
960,somewhere
961,spell
962,farmer
963,bigger
964,hope
965,lap
966,downstairs
967,air
968,apart
969,hay
970,belong
971,sugar
972,upside
973,belly
974,far
975,hook
976,heard
977,alone
978,bottom
979,whoop
980,santa
981,neat
982,press
983,neck
984,once
985,supper
986,tall
987,mail
988,mix
989,l
990,triangle
991,delicious
992,snap
993,quite
994,crash
995,next_to
996,p
997,line
998,twenty
999,duckie
1000,record
1001,gimme
1002,busy
1003,bridge
1004,half
1005,along
1006,bert
1007,easy
1008,m
1009,instead
1010,zzz
1011,couple
1012,quick
1013,brought
1014,g
1015,chick
1016,visit
1017,understand
1018,crawl
1019,wave
1020,f
1021,usually
1022,til
1023,without
1024,sort
1025,june
1026,forget
1027,string
1028,point
1029,w
1030,match
1031,laugh
1032,anyway
1033,land
1034,ran
1035,tie
1036,fat
1037,kangaroo
1038,sticker
1039,able
1040,ba
1041,lil
1042,pear
1043,knew
1044,excuse
1045,squeak
1046,rice
1047,road
1048,bless
1049,nana
1050,spin
1051,true
1052,surprise
1053,fox
1054,fruit
1055,leaf
1056,believe
1057,tool
1058,sand
1059,driver
1060,king
1061,grab
1062,bell
1063,interesting
1064,figure
1065,battery
1066,mickey
1067,nest
1068,bought
1069,problem
1070,kitten
1071,hill
1072,trouble
1073,himself
1074,r
1075,begin
1076,investigator
1077,corner
1078,trip
1079,everywhere
1080,clip
1081,screw
1082,puppet
1083,ground
1084,pack
1085,goat
1086,nobody
1087,straight
1088,lego
1089,tomato
1090,seem
1091,middle
1092,mummy
1093,caught
1094,grover
1095,threw
1096,scratch
1097,football
1098,gate
1099,poo
1100,lie
1101,save
1102,k
1103,toot
1104,hum
1105,body
1106,bone
1107,family
1108,anybody
1109,heart
1110,glad
1111,seed
1112,meet
1113,thirty
1114,early
1115,oatmeal
1116,buddy
1117,tweet
1118,claus
1119,near
1120,ago
1121,rug
1122,floppy
1123,hippo
1124,cream
1125,drum
1126,lift
1127,spit
1128,late
1129,town
1130,ding
1131,lose
1132,zoom
1133,bow
1134,wrap
1135,yuck
1136,smart
1137,tunnel
1138,wood
1139,goodbye
1140,class
1141,wagon
1142,j
1143,fishie
1144,squish
1145,policeman
1146,horn
1147,h
1148,sat
1149,dream
1150,dollar
1151,x
1152,auntie
1153,lid
1154,zip
1155,course
1156,since
1157,sunday
1158,mustache
1159,summer
1160,pay
1161,world
1162,library
1163,hospital
1164,chug
1165,dingo
1166,everyone
1167,hour
1168,across
1169,umbrella
1170,father
1171,fill
1172,pan
1173,rattle
1174,crazy
1175,wiggle
1176,dirt
1177,blueberry
1178,answer
1179,most
1180,afraid
1181,piglet
1182,strong
1183,squeeze
1184,mind
1185,op
1186,underneath
1187,tight
1188,peep
1189,question
1190,q
1191,space
1192,museum
1193,anywhere
1194,cupcake
1195,ho
1196,exactly
1197,blankie
1198,dollie
1199,dragon
1200,num
1201,short
1202,backwards
1203,cough
1204,rub
1205,oil
1206,boop
1207,stir
1208,member
1209,pile
1210,hon
1211,angry
1212,pet
1213,tasty
1214,scary
1215,vegetable
1216,onto
1217,board
1218,mountain
1219,sea
1220,rubber
1221,worm
1222,peanut
1223,fuzzy
1224,thumb
1225,suit
1226,messy
1227,crack
1228,fold
1229,wheat
1230,ruff
1231,sign
1232,saturday
1233,pipe
1234,tick
1235,o'clock
1236,swish
1237,donald
1238,easter
1239,cone
1240,clifford
1241,witch
1242,wing
1243,wonderful
1244,u
1245,men
1246,eh
1247,whatever
1248,trick
1249,closer
1250,pin
1251,stack
1252,v
1253,bark
1254,chugga
1255,follow
1256,bake
1257,friday
1258,decide
1259,yell
1260,ariel
1261,edge
1262,crab
1263,halloween
1264,twelve
1265,eleven
1266,voice
1267,puddle
1268,cross
1269,flip
1270,easier
1271,flat
1272,switch
1273,state
1274,squirt
1275,poop
1276,winter
1277,choke
1278,bunch
1279,oscar
1280,handle
1281,candle
1282,suitcase
1283,worry
1284,bonk
1285,fight
1286,trunk
1287,between
1288,cherry
1289,shell
1290,oopsie
1291,wide
1292,dot
1293,wah
1294,rather
1295,froggie
1296,fresh
1297,hoo
1298,whoopsie
1299,excellent
1300,hooray
1301,race
1302,smoke
1303,z
1304,cd
1305,laundry
1306,shoot
1307,ocean
1308,peach
1309,cinderella
1310,afternoon
1311,magic
1312,band
1313,tip
1314,pepper
1315,office
1316,march
1317,machine
1318,month
1319,beat
1320,ain't
1321,baba
1322,scoop
1323,row
1324,lock
1325,grocery
1326,mice
1327,tigger
1328,baseball
1329,accident
1330,sir
1331,franklin
1332,ladybug
1333,whale
1334,princess
1335,miffy
1336,burn
1337,whistle
1338,except
1339,ship
1340,camel
1341,scream
1342,treat
1343,case
1344,hundred
1345,sent
1346,dough
1347,roar
1348,koala
1349,sesame
1350,gas
1351,woman
1352,buzz
1353,river
1354,notice
1355,size
1356,york
1357,bother
1358,macaroni
1359,rainbow
1360,monday
1361,excited
1362,slice
1363,terrible
1364,plum
1365,lettuce
1366,city
1367,safe
1368,wild
1369,neigh
1370,stool
1371,wire
1372,dee
1373,watermelon
1374,plastic
1375,pottie
1376,bagel
1377,send
1378,panda
1379,rope
1380,fuss
1381,lookee
1382,percy
1383,teach
1384,sharp
1385,lovely
1386,piano
1387,lucky
1388,least
1389,carriage
1390,ribbon
1391,giddy
1392,reason
1393,longer
1394,goes
1395,salad
1396,felt
1397,dig
1398,abc
1399,queen
1400,straw
1401,life
1402,nonna
1403,babe
1404,extra
1405,tadah
1406,attach
1407,dessert
1408,type
1409,click
1410,bright
1411,rough
1412,toilet
1413,peel
1414,toad
1415,slip
1416,station
1417,cannot
1418,curtain
1419,sleeve
1420,cage
1421,weekend
1422,puff
1423,snoopy
1424,deep
1425,preschool
1426,di
1427,buckle
1428,desk
1429,lying
1430,jesus
1431,spank
1432,speak
1433,skip
1434,forest
1435,scrub
1436,feather
1437,mash
1438,whisper
1439,built
1440,twinkle
1441,chest
1442,jill
1443,wednesday
1444,swallow
1445,flap
1446,mud
1447,thursday
1448,arthur
1449,lemon
1450,meant
1451,vacation
1452,plenty
1453,cousin
1454,definitely
1455,harold
1456,young
1457,burp
1458,seal
1459,born
1460,spring
1461,rake
1462,shelf
1463,cloth
1464,shark
1465,blah
1466,plug
1467,parent
1468,pinch
1469,tough
1470,piggie
1471,dum
1472,waffle
1473,bracelet
1474,gorilla
1475,elbow
1476,clay
1477,woke
1478,load
1479,shout
1480,dumbo
1481,iron
1482,alrighty
1483,shot
1484,awful
1485,indian
1486,castle
1487,tyrese
1488,upset
1489,gobble
1490,yawn
1491,fair
1492,tow
1493,super
1494,perfect
1495,herself
1496,aaron
1497,map
1498,cap
1499,fur
1500,stinky
1501,nursie
1502,bar
1503,measure
1504,cutie
1505,quickly
1506,basketball
1507,interested
1508,angel
1509,crunch
1510,minnie
1511,cranky
1512,chickie
1513,tub
1514,winnie
1515,smooth
1516,oliver
1517,bush
1518,plan
1519,drip
1520,cart
1521,suddenly
1522,wa
1523,th
1524,scratchy
1525,nicely
1526,ghost
1527,magnet
1528,gun
1529,parrot
1530,crocodile
1531,computer
1532,drew
1533,porcupine
1534,toward
1535,giant
1536,act
1537,diddle
1538,against
1539,group
1540,honk
1541,poke
1542,gently
1543,son
1544,cuse
1545,hulk
1546,earth
1547,cube
1548,fan
1549,tuesday
1550,sneeze
1551,merry
1552,sunny
1553,market
1554,ambulance
1555,pass
1556,bouncy
1557,shadow
1558,pond
1559,cash
1560,ee
1561,simba
1562,choose
1563,joke
1564,dead
1565,stomach
1566,broccoli
1567,field
1568,ma
1569,jam
1570,pail
1571,unless
1572,dunno
1573,sean
1574,squash
1575,list
1576,restaurant
1577,order
1578,prince
1579,secret
1580,low
1581,fifteen
1582,television
1583,float
1584,bend
1585,robin
1586,skin
1587,add
1588,snort
1589,guitar
1590,mushroom
1591,paddington
1592,chop
1593,lean
1594,frozen
1595,container
1596,cave
1597,pair
1598,huge
1599,ew
1600,poopie
1601,stamp
1602,bambi
1603,cord
1604,past
1605,fact
1606,anyone
1607,nibble
1608,french
1609,clear
1610,mat
1611,valentine
1612,diamond
1613,faster
1614,regular
1615,chocolate_chip
1616,register
1617,rhyme
1618,octopus
1619,dangerous
1620,cleaner
1621,whaddya
1622,pasta
1623,exciting
1624,certainly
1625,twist
1626,heat
1627,perhaps
1628,screwdriver
1629,comfortable
1630,aid
1631,moment
1632,sec
1633,package
1634,shiny
1635,branch
1636,sell
1637,practice
1638,de
1639,bill
1640,brick
1641,kite
1642,quarter
1643,rid
1644,stretch
1645,bank
1646,bumble
1647,strange
1648,quit
1649,tap
1650,kept
1651,firemen
1652,ache
1653,kit
1654,die
1655,smaller
1656,third
1657,rectangle
1658,cocoon
1659,airport
1660,rose
1661,higher
1662,whine
1663,goofy
1664,harry
1665,calf
1666,carpet
1667,melt
1668,enjoy
1669,ham
1670,fifty
1671,tee
1672,ribbit
1673,beef
1674,free
1675,deal
1676,rum
1677,violin
1678,mixer
1679,alphabet
1680,magazine
1681,flew
1682,planet
1683,darling
1684,harder
1685,throat
1686,beard
1687,player
1688,oy
1689,salty
1690,granola
1691,soggy
1692,bud
1693,naked
1694,firefighter
1695,awfully
1696,teapot
1697,carefully
1698,forty
1699,shave
1700,barney
1701,otherwise
1702,snip
1703,berry
1704,humpty
1705,chimney
1706,boston
1707,olive
1708,powder
1709,terrific
1710,finally
1711,april
1712,buck
1713,video
1714,mcdonald
1715,'em
1716,almond
1717,drank
1718,forth
1719,scoot
1720,lake
1721,boil
1722,crumb
1723,village
1724,choice
1725,wiggly
1726,polar
1727,suck
1728,pound
1729,flour
1730,sale
1731,graham
1732,dumpty
1733,everyday
1734,mistake
1735,caboose
1736,van
1737,balance
1738,sail
1739,haw
1740,boing
1741,loose
1742,whether
1743,peg
1744,taken
1745,lobster
1746,sunglasses
1747,friendly
1748,cent
1749,gee
1750,syrup
1751,althea
1752,marker
1753,bacon
1754,sponge
1755,baker
1756,lizard
1757,pole
1758,barrel
1759,crane
1760,ceiling
1761,upon
1762,porridge
1763,began
1764,older
1765,polly
1766,gold
1767,snail
1768,remind
1769,win
1770,tent
1771,biggest
1772,tumble
1773,belle
1774,dakota
1775,pardon
1776,counter
1777,eaten
1778,raccoon
1779,fellow
1780,costume
1781,brave
1782,parade
1783,gray
1784,bum
1785,calm
1786,spout
1787,corduroy
1788,toddler
1789,daughter
1790,furniture
1791,wrench
1792,weather
1793,instrument
1794,ch
1795,realize
1796,paw
1797,test
1798,important
1799,tangled
1800,rescue
1801,highchair
1802,slowly
1803,meal
1804,invite
1805,bandaid
1806,nah
1807,attention
1808,sometime
1809,plain
1810,opposite
1811,rule
1812,nursery
1813,flavor
1814,serve
1815,ray
1816,bulldozer
1817,stood
1818,sip
1819,sausage
1820,bedtime
1821,stink
1822,lotion
1823,fancy
1824,bouncie
1825,gordon
1826,island
1827,sew
1828,thirteen
1829,duckling
1830,dora
1831,below
1832,snuggle
1833,achoo
1834,pad
1835,untie
1836,captain
1837,rinse
1838,met
1839,doodle
1840,alive
1841,sense
1842,biscuit
1843,supermarket
1844,hah
1845,wrote
1846,motor
1847,reindeer
1848,tease
1849,shampoo
1850,erase
1851,barrette
1852,tricky
1853,mall
1854,proud
1855,skunk
1856,allowed
1857,jeep
1858,ketchup
1859,soccer
1860,wool
1861,robot
1862,bitsy
1863,pirate
1864,eeyore
1865,eyebrow
1866,sheet
1867,awhile
1868,hall
1869,grey
1870,ugly
1871,lord
1872,cost
1873,itsy
1874,'cause
1875,kill
1876,fingernail
1877,ours
1878,duh
1879,blink
1880,ay
1881,grew
1882,dust
1883,shine
1884,dentist
1885,gift
1886,cabinet
1887,golf
1888,chance
1889,gotten
1890,oatio
1891,freeze
1892,absolutely
1893,helmet
1894,rhinoceros
1895,roller
1896,punch
1897,become
1898,lonely
1899,rat
1900,wh
1901,crunchy
1902,el
1903,geese
1904,cheep
1905,nappie
1906,bumpy
1907,goldfish
1908,nickel
1909,hippopotamus
1910,blew
1911,worried
1912,gross
1913,weird
1914,forward
1915,brandon
1916,exercise
1917,slept
1918,straighten
1919,overall
1920,curl
1921,dizzy
1922,texas
1923,mush
1924,sore
1925,raspberry
1926,log
1927,direction
1928,difficult
1929,ducky
1930,slippery
1931,heaven
1932,underwear
1933,ugh
1934,spray
1935,horton
1936,merrily
1937,bleep
1938,ought
1939,return
1940,patient
1941,cub
1942,held
1943,jungle
1944,beak
1945,fairy
1946,hummus
1947,tank
1948,pat
1949,large
1950,beaver
1951,chain
1952,squeaky
1953,tag
1954,tripod
1955,bumpity
1956,trade
1957,roast
1958,during
1959,cluck
1960,raggedy
1961,buh
1962,mwah
1963,double
1964,steam
1965,grown
1966,stall
1967,llama
1968,shade
1969,handsome
1970,roo
1971,sentence
1972,rex
1973,woody
1974,stew
1975,sword
1976,dial
1977,bam
1978,steak
1979,strip
1980,storm
1981,sis
1982,onion
1983,apron
1984,earlier
1985,cozy
1986,washcloth
1987,thump
1988,inch
1989,damn
1990,scar
1991,squishy
1992,hyena
1993,peck
1994,bun
1995,tennis
1996,cement
1997,bobo
1998,rode
1999,rocket
2000,spread
2001,helper
2002,dip
2003,end
2004,taught
2005,fool
2006,promise
2007,aquarium
2008,wherever
2009,po
2010,eater
2011,taxi
2012,macdonald
2013,newspaper
2014,tock
2015,north
2016,marble
2017,nemo
2018,yikes
2019,bay
2020,although
2021,runny
2022,fourteen
2023,weasel
2024,hood
2025,passenger
2026,prize
2027,loo
2028,cheer
2029,clunk
2030,study
2031,grasshopper
2032,pal
2033,doughnut
2034,ski
2035,bathe
2036,spend
2037,beauty
2038,dribble
2039,borrow
2040,bootie
2041,fridge
2042,dolphin
2043,dow
2044,dandelion
2045,flounder
2046,company
2047,disappeared
2048,freight
2049,thin
2050,itch
2051,california
2052,stomp
2053,splinter
2054,teeny
2055,hike
2056,starfish
2057,huckle
2058,sunshine
2059,pilot
2060,waste
2061,sang
2062,age
2063,daniel
2064,aguh
2065,laa
2066,dyeisha
2067,thank
2068,knot
2069,railroad
2070,fed
2071,scooter
2072,scrambled
2073,cocoa
2074,mustard
2075,breathe
2076,icky
2077,oval
2078,cupboard
2079,maine
2080,salami
2081,construction
2082,jingle
2083,join
2084,themselves
2085,september
2086,freezer
2087,skirt
2088,protect
2089,relax
2090,ut
2091,wreck
2092,tapioca
2093,itself
2094,tied
2095,pineapple
2096,fuzz
2097,cricket
2098,especially
2099,flash
2100,nineteen
2101,ticklish
2102,itchy
2103,ol
2104,imagine
2105,neighbor
2106,ticket
2107,steering
2108,giggle
2109,club
2110,post
2111,hamster
2112,sailboat
2113,art
2114,mask
2115,eighteen
2116,wore
2117,jeez
2118,cinnamon
2119,web
2120,microwave
2121,curve
2122,bok
2123,fireplace
2124,seesaw
2125,difference
2126,pocketbook
2127,control
2128,whenever
2129,clever
2130,engineer
2131,pump
2132,guh
2133,cmere
2134,further
2135,flop
2136,claw
2137,recognize
2138,mosquito
2139,dime
2140,luck
2141,bin
2142,wife
2143,dong
2144,yarn
2145,mood
2146,y'all
2147,base
2148,nicki
2149,wax
2150,sandal
2151,kaboom
2152,explain
2153,pa
2154,propeller
2155,walrus
2156,sixteen
2157,willy
2158,goldilocks
2159,lou
2160,pussy
2161,root
2162,beast
2163,whisker
2164,okey
2165,binkie
2166,badji
2167,celery
2168,fussy
2169,ginger
2170,ash
2171,swiss
2172,golden
2173,crown
2174,properly
2175,pinocchio
2176,film
2177,comfy
2178,frosting
2179,erlin
2180,soy
2181,curly
2182,dokey
2183,avocado
2184,brand
2185,outfit
2186,gracious
2187,cane
2188,mailbox
2189,trailer
2190,metal
2191,july
2192,crooked
2193,thick
2194,screen
2195,rush
2196,jasmine
2197,plop
2198,hip
2199,unhappy
2200,knob
2201,beer
2202,creature
2203,patch
2204,temperature
2205,drill
2206,dine
2207,joy
2208,loop
2209,tippy
2210,cradle
2211,ripe
2212,drove
2213,smash
2214,rag
2215,puddy
2216,tinky
2217,lantern
2218,polish
2219,power
2220,fourth
2221,bobby
2222,ey
2223,nasty
2224,softly
2225,spy
2226,wag
2227,arrived
2228,less
2229,strap
2230,plus
2231,pouch
2232,scale
2233,digger
2234,moomoo
2235,builder
2236,somersault
2237,washington
2238,message
2239,travel
2240,beetle
2241,twice
2242,attack
2243,taller
2244,forever
2245,serious
2246,cartoon
2247,prayer
2248,connect
2249,bore
2250,du
2251,frustrated
2252,wrist
2253,mark
2254,ruin
2255,whom
2256,cape
2257,healthy
2258,pliers
2259,crow
2260,na
2261,often
2262,thunder
2263,coal
2264,human
2265,search
2266,dub
2267,sippy
2268,sideways
2269,germ
2270,pluto
2271,hung
2272,amen
2273,net
2274,war
2275,hid
2276,amazing
2277,hardly
2278,toothpaste
2279,ss
2280,pamper
2281,dive
2282,shy
2283,tuck
2284,hunt
2285,knack
2286,armadillo
2287,kota
2288,zero
2289,steal
2290,stocking
2291,unicorn
2292,unscrew
2293,lazy
2294,astronaut
2295,silver
2296,lately
2297,junk
2298,fin
2299,expect
2300,dumb
2301,drag
2302,fake
2303,wooden
2304,gulp
2305,team
2306,knick
2307,sprinkle
2308,chicka
2309,pose
2310,soldier
2311,joshua
2312,carried
2313,english
2314,mimi
2315,completely
2316,hint
2317,boring
2318,sack
2319,design
2320,malcolm
2321,san
2322,outdoors
2323,agree
2324,purr
2325,escape
2326,bock
2327,caillou
2328,elliot
2329,brittney
2330,nanny
2331,tighten
2332,worse
2333,afterwards
2334,xylophone
2335,arrow
2336,saucer
2337,lemonade
2338,won
2339,sudden
2340,flashlight
2341,business
2342,ellie
2343,offer
2344,si
2345,view
2346,stripe
2347,coconut
2348,remote
2349,grumpy
2350,lowly
2351,smily
2352,pitcher
2353,burger
2354,self
2355,ostrich
2356,combination
2357,tony
2358,seventeen
2359,settle
2360,curious
2361,hoot
2362,certain
2363,trap
2364,worker
2365,clink
2366,lipstick
2367,toaster
2368,mattress
2369,acorn
2370,married
2371,cob
2372,cuckoo
2373,keeper
2374,spiderman
2375,smoothie
2376,leopard
2377,elevator
2378,rider
2379,easily
2380,collect
2381,blind
2382,seek
2383,hotel
2384,patty
2385,holy
2386,mam
2387,fry
2388,bunk
2389,yo
2390,eensie
2391,weensie
2392,decorate
2393,timothy
2394,building
2395,quietly
2396,deliver
2397,sting
2398,weigh
2399,stupid
2400,tootsie
2401,thanksgiving
2402,skinny
2403,date
2404,whoosh
2405,stare
2406,salmon
2407,voom
2408,trolley
2409,snowflake
2410,mufasa
2411,julia
2412,raincoat
2413,path
2414,needle
2415,purpose
2416,memory
2417,thousand
2418,language
2419,rosy
2420,bing
2421,possible
2422,spanish
2423,ponytail
2424,insect
2425,gaston
2426,alec
2427,swiper
2428,.
2429,?
2430,!
2431,RW
