you're,you 're
you'll,you 'll
you've,you 've
you'd,you 'd
yoursel,yourself
youse,yous
yourse,yours
you',you
youda,you 'd 've
youself,yourself
youkay,you okay
it's,it 's
its,it 's
it'd,it 'd
it'has,it 's
itz,it 's
-um,um
bout,about
-uh,uh
ita,it a
ta,to
spuds,spud 's
beggars,beggar 's
ssh,shh
yoghurt,yogurt
that's,that 's
that'll,that 'll
thatd,that 'd
thatza,that 's a
thatta,that a
thatve,that 've
thats,that 's
what's,what 's
what're,what 're
what'd,what 'd
whatcha,what you
whats,what 's
what'll,what 'll
whatchu,what you
what've,what 've
whatsa,what 's a
whatdya,what do you
whatta,what a
whata,what a
whatchya,what you
whatchoo,what you
what'sa,what 's a
what'm,what 'm
whatsat,what 's that
whatchou,what you
whataya,what do you
whatdju,what you
whatdja,what you
what'ya,what you
what'r'ya,what 're you
what'she,what she
what'dja,what you
whatd,what 'd
whatefer,whatever
whatja,what you
what'djou,what 'd  you
what'da,what do
what'did,what did
what'sgonna,what 's gonna
whatchur,what your
whatchu're,what you 're
whatd'ya,what do you
what'v,what 've
whatid,what did
whatya,what you
what ju,what you
ya,you
dis,this
yer,your
ok,okay
that's,that 's
dere,there
yea,yeah
yeh,yeah
don't,do n't
don',do n't
this'll,this 'll
this's,this 's
this'd,this 'd
isn't,is n't
isn',is n't
isn'e,is n't he
is'at,is that
doing,do ing
dont,do n't
do'know,do n't know
aren't,are n't
aren'tcha,are n't you
we'll,we 'll
we're,we 're
we've,we 've
we'regonna,we 're gonna
we'are,we 're
haven',have n't
haved,have ed
haveta,have to
hafta,have to
gonn,gonna
gohead,go ahead
going,go ing
goes,go 's
goin,go ing
gon,gonna
gona,gonna
ones,one 's
cans,can 's
cant,can n't
ca,can
seeing,see ing
seein,see ing
sees,see 's
didjou,did you
didja,did you
didn,did n't
didya,did you
didju, did you
didey,did he
likes,like 's
liked,like ed
liking,like ing
rights,right 's
putting,put ing
puts,put 's
puttin,put ing
putcher,put your
theyego,there you go
wants,want 's
wanted,want ed
wanting,want ing
wanta,wanna
wantin,want ing
wantcher,want your
getting,get ing
gets,get 's
gettin,get ing
getcha,get you
getcher,get your
getchyou,get you
getchu,get you
gettin',get ing
fer,for
knows,know 's
knowing,know ing
looks,look 's
looking,look ing
looked,look ed
lookin,look ing
lookit,look at
lookin',look ing
lets,let 's
letting,let ing
lettin,let ing
looky,lookie
goody,goodie
goods,good s
thinking,think ing
thinks,think 's
thinkin,think ing
howbout,how about
comes,come 's
comere,come here
come'ere,come here
outta,out of
outs,out 's
being,be ing
bein,be ing
bein',be ing
whose,who 's
says,say 's
saying,say ing
sayin,say ing
sayed,said
wann,wanna
wan a,wanna
wan o,wanna
wan to,wanna
wan,want
downs,down 's
gotta,got to
gotcha,got you
gotchu,got you
gotch,got you
gots,got 's
yessie,yes ie
hmm,hm
hmmm,hm
hmh,hm
babys,baby 's
babye,baby
babys',baby 's
whyncha,why n't you
eating,eat ing
eats,eat 's
eatin,eating
wouldja,would you
wouldjou,would you
woulda,would 've
wouldju,would you
playing,play ing
played,play ed
playin,play ing
plays,play 's
takes,take 's
taking,take ing
takin,take ing
uhhuh,mhm
mommy,Mommy
mommys,Mommy 's
alrightie,alrighty
books,book 's
bookies,book 's
twos,two 's
telling,tell ing
tells,tell 's
tellin,tell ing
others,other 's
times,time 's
timing,time ing
hasta,has to
coulda,could 've
couldjou,could you
ways,way 's
sitting,sit ing
sittin,sit ing
sits,sit 's
hadda,had to
hadta,had to
needs,need 's
needed,need ed
needing,need ing
gives,give 's
boys,boy 's
boys',boy 's
willing,will ing
thanks,thank 's
thankyou,thank you
thanked,thank ed
thanking,thank ing
daddy,Daddy
daddys,Daddy 's
mmm,mm
mmhm,mhm
mmkay,okay
mmmm,mm
shoulda,should 've
reading,read ing
reads,read s
readin,read ing
turned,turn ed
turning,turn ing
turns,turn 's
turnin,turn ing
caused,cause ed
causes,cause 's
remembered,remember ed
remembering,remember ing
remembers,remember s
cars,car 's
balls,ball 's
houses,house 's
trying,try ing
tryin,try ing
tried,try ed
tries,try 's
goes,go 's
pleased,please ed
waiting,wait ing
waited,wait ed
waitin,wait ing
waits,wait 's
ahh,ah
ahhah,mhm
waters,water 's
waterin,water ing
watering,water ing
finding,find ing
finds,find 's
findin,find ing
helping,help ing
helped,help ed
helps,help 's
helpin,help ing
kinduv,kind of
kinda,kind of
kinds,kind 's
names,name 's
named,name ed
things,thing 's
opened,open ed
opens,open 's
opening,open ing
openin,open ing
openings,open ing 's
boxes,box 's
means,mean 's
meaning,mean ing
rooms,room 's
colors,color 's
coloring,color ing
colored,color ed
colorin,color ing
colordraw,color draw
addressing,address ing
socks,sock 's
bears',bear 's
laughs,laugh 's
knows,know 's
backing,back ing
olds,old 's
tangles,tangle 's
dolphins,dolphin 's
milkshakes,milkshake 's
moving,move ing
caterpillars,caterpillar 's
pennies,penny 's
browns,brown 's
chicks,chick 's
echos,echo 's
swimmin,swim ing
ending,end ing
crayons,crayon 's
wires,wire 's
villages,village 's
checks,check 's
bunnies,bunny 's
poles,pole 's
cubs,cub 's
candys,candy 's
candies,candy 's
muscles,muscle 's
smellin,smell ing
stinking,stink ing
hundreds,hundred 's
notices,notice 's
mining,mine ing
looks,look 's
girls',girl 's
dropping,drop ing
dentists,dentist 's
Pampers,Pamper 's
fights,fight 's
files,file 's
controlling,control ing
tiring,tire ing
besides,beside 's
marbles,marble 's
kites,kite 's
patients,patient 's
Sleeps,Sleep 's
zooms,zoom 's
ripping,rip ing
conversations,conversation 's
seas,sea 's
wheres,where 's
taking,take ing
separating,separate ing
saving,save ing
spankin,spank ing
settling,settle ing
Ross',INFNAME 's
blouses,blouse 's
haves,have 's
times,time 's
furs,fur 's
corners,corner 's
shovels,shovel 's
draggin,drag ing
faces,face 's
pennys,penny 's
training,train ing
roping,rope ing
cabinets,cabinet 's
frogs,frog 's
hides,hide 's
prizes,prize 's
knifes,knife 's
knives,knife 's
nurses,nurse 's
tummys,tummy 's
tummies,tummy 's
rubbers,rubber 's
tortoises,tortoise 's
Petes,INFNAME 's
sevens,seven 's
valentines,valentin 's
drinks,drink 's
Eves,Eve 's
cones,cone 's
fiftys,fifty 's
giving,give ing
tools,tool 's
wiggling,wiggle ing
ducklings,duckling 's
hearing,hear ing
burning,burn ing
blankies,blankie 's
blessing,bless ing
spilling,spill ing
cages,cage 's
pieces,piece 's
carryin,carry ing
pops,pop 's
skating,skate ing
bothering,bother ing
temperatures,temperature 's
bananas,banana 's
openings,opening 's
hearts,heart 's
sortin,sort ing
voting,vote ing
dates,date 's
tees,tee 's
crosses,cross 's
poopies,poopie 's
havin,have ing
hippopotamuses,hippopotamus 's
flopping,flop ing
diapering,diaper ing
piggies,piggie 's
disappears,disappear 's
doodles,doodle 's
Ethans,INFNAME 's
nines,nine 's
piggies,piggie 's
wipin,wipe ing
sells,sell 's
doubles,double 's
naps,nap 's
chains,chain 's
actin,act ing
beatin,beat ing
hats,hat 's
planes,plane 's
carrots,carrot 's
rainbows,rainbow 's
buzzing,buzz ing
birthdays,birthday 's
gases,gas 's
buckles,buckle 's
dots,dot 's
shoppin,shop ing
tubs,tub 's
plates,plate 's
recording,record ing
addresses,address 's
beds,bed 's
grasshoppers,grasshopper 's
choosing,choose ing
choices,choice 's
troubles,trouble 's
ticking,tick ing
following,follow ing
Bobos,Bobo 's
cooks,cook 's
betting,bet ing
elevens,eleven 's
surprising,surprise ing
shaves,shave 's
touchin,touch ing
styles,style 's
knifes,knife 's
knives,knife 's
females,female 's
cowboys,cowboy 's
witches,witch 's
bothers,bother 's
Charles',INFNAME 's
meets,meet 's
bones,bone 's
necklaces,necklace 's
females,female 's
yawning,yawn ing
bes,best
kisses,kiss 's
hittin,hit ing
grains,grain 's
hangin,hang ing
buckles,buckle 's
pattin,pat ing
forcing,force ing
fires,fire 's
plates,plate 's
flies,fly 's
types,type 's
Marks,INFNAME 's
dolls,doll 's
aids,aid 's
hangers,hanger 's
ducklins,duckling 's
binkies,binkie 's
chilling,chill ing
smiles,smile 's
ouchies,ouchie 's
leases,lease 's
visiting,visit ing
sales,sale 's
finds,find 's
stickies,stickie 's
Jedis,Jedi 's
buzzes,buzz 's
hushing,hush ing
drops,drop 's
pokes,poke 's
bouncin,bounce ing
beans,bean 's
drillin,drill ing
Daddys,Daddy 's
points,point 's
tasting,taste ing
shakin',shake ing
vegetables,vegetable 's
scars,scar 's
guarding,guard ing
trainin,train ing
tomatoes,tomato 's
inching,inch ing
uses,use 's
lanterns,lantern 's
grouches,grouch 's
eating,eat ing
feeling,feel ing
cereals,cereal 's
Sleeping,Sleep ing
Seas,Sea 's
lowering,lower ing
butters,butter 's
banging,bang ing
keys,key 's
jaguars,jaguar 's
vacuums,vacuum 's
barrettes,barrette 's
tells,tell 's
crawlin,crawl ing
headaches,headache 's
carriages,carriage 's
tacos,taco 's
drinking,drink ing
fires,fire 's
toasts,toast 's
pretendin,pretend ing
times,time 's
dollars,dollar 's
hopes,hope 's
grades,grade 's
honking,honk ing
bein,be ing
seasoning,season ing
containers,container 's
kids',kid 's
pretends,pretend 's
stegosaurus',stegosaurus 's
seein,see ing
coaches,coach 's
yellows,yellow 's
spells,spell 's
gives,give 's
deciding,decide ing
koalas,koala 's
yoyos,yoyo 's
sports,sport 's
bathin,bathe ing
flags,flag 's
coloring,color ing
whoopsies,whoopsie 's
guests,guest 's
sirens,siren 's
hearin,hear ing
snakes,snake 's
ceilings,ceiling 's
sips,sip 's
fits,fit 's
shuts,shut 's
witches,witch 's
hissing,hiss ing
toads,toad 's
holes,hole 's
causes,cause 's
clapping,clap ing
peckin,peck ing
rushing,rush ing
hospitals,hospital 's
airplanes,airplane 's
giants,giant 's
brushes,brush 's
commons,common 's
sisters,sister 's
Days,Day 's
showin,show ing
blues,blue 's
sets,set 's
pies,pie 's
covering,cover ing
digging,dig ing
frisbees,frisbee 's
throwin,throw ing
pulls,pull 's
planing,plan ing
walruses,walrus 's
sinks,sink 's
waiting,wait ing
popsicles,popsicle 's
yous,you 's
loves,love 's
decoratin,decorate ing
waits,wait 's
sinking,sink ing
mooses,moose 's
paths,path 's
holidays,holiday 's
phones,phone 's
pairs,pair 's
Bells,Bell 's
chickens,chicken 's
Jims,INFNAME 's
presses,press 's
handles,handle 's
booties,bootie 's
escaping,escape ing
spoonfuls,spoonful 's
ponytails,ponytail 's
wavin,wave ing
barking,bark ing
grocerys,grocery 's
groceries,grocery 's
playing,play ing
writing,write ing
expecting,expect ing
likes,like 's
scares,scare 's
washers,washer 's
loses,lose 's
necklaces,necklace 's
climbs,climb 's
tests,test 's
loading,load ing
controls,control 's
waking,wake ing
feelins,feel ing 's
raises,raise 's
crashes,crash 's
hydrants,hydrant 's
cuttin,cut ing
knocking,knock ing
pails,pail 's
peoples,people 's
ges,goes
boardin,board ing
babys,baby 's
hyraxes,hyrax 's
rosies,rosie 's
cleaning,clean ing
pillows,pillow 's
humans,human 's
serves,serve 's
exercises,exercise 's
depending,depend ing
bulldozers,bulldozer 's
tricycles,tricycle 's
pours,pour 's
swishing,swish ing
sleeves,sleeve 's
piggys,piggy 's
sites,site 's
rhinoceroses,rhinoceros 's
letting,let ing
meadows,meadow 's
Jimmys,INFNAME 's
triangles,triangle 's
copying,copy ing
figuring,figure ing
rinsing,rinse ing
twirls,twirl 's
facts,fact 's
stinks,stink 's
knockin,knock ing
INFNAMEs,INFNAME 's
walking,walk ing
marrying,marry ing
stickers,sticker 's
escalators,escalator 's
shoes,shoe 's
knocks,knock 's
wantin,want ing
seaweeds,seaweed 's
squeezin,squeeze ing
shoveling,shovel ing
nipples,nipple 's
ostriches,ostrich 's
fiddles,fiddle 's
hugs,hug 's
garages,garage 's
dimes,dime 's
snipping,snip ing
kids,kid 's
watches,watch 's
millions,million 's
sticks,stick 's
posters,poster 's
cleans,clean 's
excuses,excuse 's
unties,untie 's
cousins,cousin 's
sheets,sheet 's
bushes,bush 's
mixes,mix 's
drums,drum 's
hidin,hide ing
straightens,straighten 's
slippers,slipper 's
diamonds,diamond 's
yums,yum 's
messages,message 's
washes,wash 's
cheeses,cheese 's
shoulders,shoulder 's
rags,rag 's
peas,pea 's
drawing,draw ing
clappin,clap ing
coating,coat ing
wars,war 's
grandmothers,grandmother 's
reaches,reach 's
talkin,talk ing
winners,winner 's
gots,got 's
helpings,helping 's
dies,die 's
sleepies,sleepy 's
toothbrushes,toothbrush 's
steals,steal 's
fridges,fridge 's
melts,melt 's
mats,mat 's
peels,peel 's
ropes,rope 's
canes,cane 's
whispers,whisper 's
sneaks,sneak 's
goin,go ing
boops,boop 's
astronauts,astronaut 's
pots,pot 's
beetles,beetle 's
bucks,buck 's
splits,split 's
hits,hit 's
splittin,split ing
scribbles,scribble 's
making,make ing
lasts,last 's
tissues,tissue 's
measuring,measure ing
bugs,bug 's
ones,one 's
hurtin,hurt ing
crawls,crawl 's
folds,fold 's
stones,stone 's
bossing,boss ing
girls,girl 's
shakes,shake 's
snaps,snap 's
squirrelies,squirrelie 's
winding,wind ing
climbin,climb ing
scootin,scoot ing
wakes,wake 's
cows,cow 's
sounds,sound 's
rollers,roller 's
missing,miss ing
zoomin,zoom ing
evening,even ing
shutting,shutt ing
peaches,peach 's
panting,pant ing
bes,best
styling,style ing
biscuits,biscuit 's
recognizes,recognize 's
eyes,eye 's
places,place 's
rushes,rush 's
mustaches,mustache 's
halfs,half 's
halves,half 's
smashes,smash 's
remotes,remote 's
misses,miss 's
o'clocks,o'clock 's
sides,side 's
pilots,pilot 's
zebras,zebra 's
rubs,rub 's
forgets,forget 's
pinks,pink 's
mixes,mix 's
hens,hen 's
pups,pup 's
pasting,paste ing
crackers,cracker 's
trotting,trot ing
fans,fan 's
acorns,acorn 's
tightening,tighten ing
penguins,penguin 's
coughes,cough 's
whispering,whisper ing
dollys,dolly 's
statues,statue 's
outfits,outfit 's
dogs',dog 's
slips,slip 's
footballs,football 's
understands,understand 's
funs,fun 's
grapes,grape 's
jacks,jack 's
tearin,tear ing
leaving,leave ing
dries,dry 's
sprayin,spray ing
hopes,hope 's
raisins,raisin 's
hes,he 's
squirting,squirt ing
scooters,scooter 's
J Js,INFNAME 's
J J ,INFNAME 
acts,act 's
sprouts,sprout 's
pickles,pickle 's
rates,rate 's
pigs,pig 's
drills,drill 's
Blues,Blue 's
flowers,flower 's
living,live ing
machines,machine 's
riders,rider 's
cups,cup 's
spaghettis,spaghetti 's
purposes,purpose 's
caps,cap 's
notes,note 's
saying,say ing
tapes,tape 's
squirrels',squirrel 's
headaches,headache 's
straightening,straighten ing
filling,fill ing
bagels,bagel 's
Hungarians,Hungarian 's
recipes,recipe 's
kissing,kiss ing
mobiles,mobile 's
waggin,wag ing
singin,sing ing
amounts,amount 's
slows,slow 's
sheds,shed 's
squeaks,squeak 's
sitting,sit ing
walls,wall 's
llamas,llama 's
tootsies,tootsie 's
sands,sand 's
signing,sign ing
unscrewing,unscrew ing
eights,eight 's
pushing,push ing
sawing,saw ing
choos,choo 's
fakin,fake ing
screamin,scream ing
cokes,coke 's
holdin,hold ing
dears,dear 's
winking,wink ing
dishes,dish 's
paints,paint 's
blueberries,blueberry 's
skipping,skip ing
camels,camel 's
binging,binge ing
flyin,fly ing
capes,cape 's
animals,animal 's
sees,see 's
toes,toe 's
acting,act ing
whoopsies,whoopsie 's
seeking,seek ing
believes,believe 's
peacocks,peacock 's
says,say 's
inches,inch 's
knots,knot 's
tales,tale 's
jumping,jump ing
fours,four 's
rhymes,rhyme 's
squirrelies,squirrelie 's
dumptrucks,dump truck 's
sharks,shark 's
patches,patch 's
cardinals,cardinal 's
building,build ing
happenin,happen ing
carts,cart 's
spos,supposed
faces,face 's
boos,boo 's
picking,pick ing
nightin,night ing
scribbling,scribble ing
husbands,husband 's
splitting,split ing
Patricks,INFNAME 's
presents,present 's
packages,package 's
Mondays,Monday 's
reindeers,reindeer 's
bedrooms,bedroom 's
flavoring,flavor ing
switches,switch 's
costs,cost 's
pages,page 's
showing,show ing
tongues,tongue 's
chooses,choose 's
p js,pj 's
p j ,pj 
spittin,spit ing
puffs,puff 's
gerbils,gerbil 's
horsies,horsie 's
dongs,dong 's
vegetables,vegetable 's
brushing,brush ing
trippin,trip ing
suns,sun 's
kitties,kittie 's
crystals,crystal 's
attacking,attack ing
helicopters,helicopter 's
doing,do ing
animals',animal 's
towels,towel 's
peeping,peep ing
crawling,crawl ing
alligators,alligator 's
curls,curl 's
arguin,argue ing
yelling,yell ing
thas,that 's
mikes,mike 's
teacups,teacup 's
winters,winter 's
arguing,argue ing
burps,burp 's
parking,park ing
straws,straw 's
waffles,waffle 's
skates,skate 's
stinkin,stink ing
turkeys,turkey 's
expects,expect 's
Mamas,Mama 's
hippos,hippo 's
speeding,speed ing
stairs,stair 's
slices,slice 's
cupcakes,cupcake 's
tunnels,tunnel 's
fightin,fight ing
towards,toward 's
freezes,freeze 's
boiling,boil ing
ideas,idea 's
wrenches,wrench 's
pumpkins',pumpkin 's
ridin,ride ing
thanks,thank 's
towers,tower 's
droppin,drop ing
bubbling,bubble ing
roses,rose 's
whales,whale 's
mailboxes,mailbox 's
teases,tease 's
desks,desk 's
trucks,truck 's
rattles,rattle 's
apartments,apartment 's
lining,line ing
firetrucks,fire truck 's
firetruck,fire truck
dumptruck,dump truck
fellows,fellow 's
scoots,scoot 's
mailing,mail ing
rainin,rain ing
commas,comma 's
waves,wave 's
comin,come ing
plums,plum 's
marching,march ing
passes,pass 's
grasses,grass 's
masking,mask ing
diggers,digger 's
hurries,hurry 's
hikin,hike ing
shouting,shout ing
sponges,sponge 's
drivein,drive ing
coffees,coffee 's
antennaes,antenna 's
scratches,scratch 's
drains,drain 's
Mommys,Mommy 's
chairs,chair 's
seats,seat 's
reasons,reason 's
scraping,scrape ing
tushies,tushie 's
stoves,stove 's
growin,grow ing
grandpas,grandpa 's
pickles,pickle 's
types,type 's
colorin,color ing
mouthing,mouth ing
minutes,minute 's
wrapping,wrap ing
planning,plan ing
jars,jar 's
yawns,yawn 's
remotes,remote 's
lions,lion 's
tastes,taste 's
spills,spill 's
Linds,INFNAME
necks,neck 's
Travis,INFNAME
groceries,grocery 's
rubbin,rub ing
elevators,elevator 's
carries,carry 's
cryin,cry ing
doggies,doggie 's
givin,give ing
tricks,trick 's
worlds,world 's
comes,come 's
blows,blow 's
opposites,opposite 's
parrots,parrot 's
monsters,monster 's
taxis,taxi 's
edges,edge 's
stinging,sting ing
shampoos,shampoo 's
hums,hum 's
runnin,run ing
owns,own 's
grouping,group ing
lakes,lake 's
prices,price 's
mommys,mommy 's
Grahams,Graham 's
olives,olive 's
sailing,sail ing
goofin,goof ing
shoots,shoot 's
workers,worker 's
wiring,wire ing
guys',guy 's
squares,square 's
bitin,bite ing
spits,spit 's
depends,depend 's
sodas,soda 's
Sundays,Sunday 's
reads,read 's
foxes,fox 's
screws,screw 's
horses,horse 's
goats,goat 's
dates,date 's
worries,worry 's
specials,special 's
dipping,dip ing
hangs,hang 's
beaches,beach 's
baking,bake ing
pines,pine 's
curves,curve 's
handin,hand ing
princesses,princess 's
Teddys,Teddy 's
hunting,hunt ing
causes,cause 's
bikes,bike 's
crossin,cross ing
whales,whale 's
potties,potty 's
shakin,shake ing
gifts,gift 's
capes,cap 's
rats',rat 's
Chis,INFNAME 's
pipes,pipe 's
flakes,flake 's
trails,trail 's
rivers,river 's
practicing,practice ing
webs,web 's
prayers,prayer 's
shooting,shoot ing
checking,check ing
watches,watch 's
stares,stare 's
spiders,spider 's
uncles,uncle 's
whas,what 's
ropes,rope 's
ponds,pond 's
keepers,keeper 's
bringin,bring ing
closets,closet 's
strips,strip 's
Joes,INFNAME 's
swimmers,swimmer 's
lids,lid 's
chases,chase 's
pens,pen 's
shares,share 's
boards,board 's
doors,door 's
brothers,brother 's
nuttin,nothing
ai n't,ain't
practicin,practice ing
runs,run 's
closing,close ing
babas,baba 's
wipers,wiper 's
losin,lose ing
problems,problem 's
combing,comb ing
handling,handle ing
washin,wash ing
robes,robe 's
helping,help ing
whistles,whistle 's
matches,match 's
Pigs,Pig 's
handing,hand ing
toes,toe 's
scales,scale 's
servin,serve ing
eats,eat 's
zippers,zipper 's
dusting,dust ing
stripping,strip ing
shavings,shave ing 's
homes,home 's
classes,class 's
using,use ing
messin,mess ing
Mouses,Mouse 's
colleges,college 's
noses,nose 's
styles,style 's
stacking,stack ing
states,state 's
welcoming,welcome ing
donkeys',donkey 's
engineers,engineer 's
buses,bus 's
lookin,look ing
greens,green 's
schools,school 's
writes,write 's
gettin',get ing
combinations,combination 's
catches,catch 's
cobs,cob 's
tires,tire 's
Petes,INFNAME
puddles,puddle 's
services,service 's
sending,send ing
eatin,eat ing
outsides,outside 's
valleys,valley 's
pawing,paw ing
cracks,crack 's
scares,scare 's
fishys,fishie 's
fishy,fishie
forwards,forward 's
sneaking,sneak ing
savings,saving 's
Saturdays,Saturday 's
throats,throat 's
islands,island 's
chasin,chase ing
nurses,nurse 's
decides,decide 's
bouncing,bounce ing
canes,cane 's
Moms,Mom 's
sales,sale 's
bricks,brick 's
hates,hate 's
buckets,bucket 's
squares,square 's
rays,ray 's
stages,stage 's
quarters,quarter 's
gets,get 's
Tuesdays,Tuesday 's
sleeping,sleep ing
mixing,mix ing
signs,sign 's
stripes,stripe 's
deers,deer 's
trus,trust
meatballs,meatball 's
breaks,break 's
cavities,cavity 's
pets,pet 's
pans,pan 's
agrees,agree 's
pigtails,pigtail 's
calendars,calendar 's
mashing,mash ing
hurts,hurt 's
breakin,break ing
snuggling,snuggle ing
castles,castle 's
leans,lean 's
nibbles,nibble 's
kittys,kitty 's
kitties,kitty 's
holds,hold 's
riding,ride ing
buttoning,button ing
missin,miss ing
gums,gum 's
correcting,correct ing
Jos,INFNAME
makin',make ing
phones,phone 's
seatbelts,seatbelt 's
whackin,whack ing
goodbyes,goodbye 's
sewing,sew ing
backpacks,backpack 's
smoothing,smooth ing
quacks,quack 's
cheeks,cheek 's
coasters,coaster 's
raspberries,raspberry 's
engines,engine 's
squeakin,squeak ing
weddings,wedding 's
eyes,eye 's
rashes,rash 's
swords,sword 's
laughin,laugh ing
cutters,cutter 's
blankies,blankie 's
shots,shot 's
drawers,drawer 's
zoos,zoo 's
barkin,bark ing
fitting,fit ing
freezin,freeze ing
Elmos,Elmo 's
nursies,nursie 's
things,thing 's
fillings,fill ing 's
nono,no no
cannons,cannon 's
bottles,bottle 's
bikes,bike 's
grabbing,grab ing
slipping,slip ing
Wars,War 's
clacking,clack ing
stayin,stay ing
floating,float ing
finishes,finish 's
bunches,bunch 's
outs,out 's
beats,beat 's
diets,diet 's
cheerios,cheerio 's
mosquitoes,mosquito 's
messages,message 's
bending,bend ing
ticks,tick 's
measures,measure 's
chopping,chop ing
windows,window 's
nappies,nappie 's
curves,curve 's
cooling,cool ing
Ross,INFNAME
bumping,bump ing
needs,need 's
excuses,excuse 's
buds,bud 's
kills,kill 's
trees,tree 's
threads,thread 's
teaches,teach 's
noodles,noodle 's
tubes,tube 's
seeing,see ing
thinks,think 's
wolfs,wolf 's
whites,white 's
lies,lie 's
treating,treat ing
seeds,seed 's
imaginations,imagination 's
stores,store 's
hammers,hammer 's
travels,travel 's
changin,change ing
figures,figure 's
puffing,puff ing
servings,serve ing 's
serving,serve ing
standing,stand ing
surprises,surprise 's
twerps,twerp 's
gluing,glue ing
hooting,hoot ing
fannin,fan ing
questions,question 's
magnets,magnet 's
medicines,medicine 's
petting,pet ing
balances,balance 's
calls,call 's
tummies,tummy 's
recordings,recording 's
splashing,splash ing
shootin,shoot ing
trims,trim 's
screams,scream 's
stretchin,stretch ing
irons,iron 's
buses,bus 's
jobs,job 's
brooms,broom 's
toilets,toilet 's
fools,fool 's
pattycaking,pattycake ing
flavors,flavor 's
calling,call ing
lovin,love ing
mouses,mouse 's
zeroes,zero 's
deserves,deserve 's
poses,pose 's
naming,INFNAME ing
poppin,pop ing
Jesus',Jesus 's
hanging,hang ing
presenting,present ing
nos,no 's
couches,couch 's
horsing,horse ing
doughs,dough 's
markets,market 's
gates,gate 's
Ducks,Duck 's
arrows,arrow 's
dresses,dress 's
grabbin,grab ing
mopping,mop ing
whiskers,whisker 's
blaming,blame ing
cookin,cook ing
snacking,snack ing
yolks,yolk 's
starts,start 's
toots,toot 's
likin,like ing
lets,let 's
pulling,pull ing
washing,wash ing
chugging,chug ing
alphabets,alphabet 's
bumpin,bump ing
videos,video 's
dryin,dry ing
snakes,snake 's
neighing,neigh ing
paintings,paint ing 's
painting,paint ing
sliding,slide ing
giggling,giggle ing
reading,read ing
lightin,light ing
spitting,spit ing
eagles,eagle 's
winds,wind 's
appreciates,appreciate 's
tickets,ticket 's
callin,call ing
behaves,behave 's
raging,rage ing
factors,factor 's
tires,tire 's
works,work 's
causing,cause ing
messes,mess 's
dragging,drag ing
forms,form 's
squashing,squash ing
matches,match 's
bows,bow 's
hoping,hope ing
skates,skate 's
recipes,recipe 's
umbrellas,umbrella 's
inches,inch 's
wows,wow 's
swinging,swing ing
cloths,cloth 's
nines,nine 's
sippin,sip ing
grading,grade ing
keepin,keep ing
spending,spend ing
smells,smell 's
noises,noise 's
hopping,hop ing
Cats,Cat 's
nails,nail 's
puddles,puddle 's
protecting,protect ing
barbecuing,barbecue ing
Dohs,Doh 's
soups,soup 's
pandas,panda 's
tractors,tractor 's
singing,sing ing
catches,catch 's
balancing,balance ing
separates,separate 's
fanning,fan ing
darlings,darling 's
clearing,clear ing
marches,march 's
findin,find ing
spreading,spread ing
Babes,Babe 's
its,it 's
buying,buy ing
busses,bus 's
bands,band 's
yellin,yell ing
jungles,jungle 's
hamsters,hamster 's
handlin,handle ing
hooking,hook ing
choking,choke ing
backin,back ing
happening,happen ing
beating,beat ing
raining,rain ing
extras,extra 's
shining,shine ing
piles,pile 's
poos,poo 's
cranes,crane 's
sounding,sound ing
lives,life 's
skatin,skate ing
pokin,poke ing
changes,change 's
banjos,banjo 's
peekaboos,peekaboo 's
angels,angel 's
owies,owie 's
closes,close 's
paws,paw 's
tushies,tushy 's
tushie,tushy
hugging,hug ing
sprays,spray 's
kidding,kid ing
spinnin,spin ing
spots,spot 's
putting,put ing
boating,boat ing
combs,comb 's
learnin,learn ing
pinches,pinch 's
germs,germ 's
peeks,peek 's
talkies,talkie 's
seesaws,seesaw 's
James',INFNAME 's
sweaters,sweater 's
camping,camp ing
Toys,Toy 's
theaters,theater 's
feeds,feed 's
wires,wire 's
cats,cat 's
restaurants,restaurant 's
huntin,hunt ing
buyin,buy ing
creatures,creature 's
logging,logg ing
prices,price 's
telephones,telephone 's
booboos,booboo 's
batterys,battery 's
markers,marker 's
hopin,hope ing
misses,miss 's
rockin,rock ing
magazines,magazine 's
sends,send 's
cries,cry 's
records,record 's
stays,stay 's
dims,dim 's
popping,pop ing
messes,mess 's
melting,melt ing
stars,star 's
teaching,teach ing
marking,mark ing
chimneys,chimney 's
Investigators,Investigator 's
plugs,plug 's
sorting,sort ing
likes,like 's
being,be ing
cases,case 's
walkin,walk ing
deserves,deserve 's
diapers,diaper 's
beavers,beaver 's
shadows,shadow 's
pterodactyls,pterodactyl 's
stretching,stretch ing
tryin,try ing
teaches,teach 's
curtains,curtain 's
gowns,gown 's
insides,inside 's
booties,bootie 's
oiling,oil ing
Titus,INFNAME
trying,try ing
bars,bar 's
Barneys,Barney 's
puzzles,puzzle 's
rockets,rocket 's
cakes,cake 's
finding,find ing
logs,log 's
sacks,sack 's
whistlin,whistle ing
means,mean 's
folding,fold ing
picturing,picture ing
tapping,tap ing
oopsies,oopsie 's
ringing,ring ing
spillin,spill ing
tracks,track 's
vitamins,vitamin 's
mummies,mummy 's
asking,ask ing
seconds,second 's
wipes,wipe 's
dreaming,dream ing
slamming,slamm ing
smacking,smack ing
relaxing,relax ing
Douglas,INFNAME
Wednesdays,Wednesday 's
whisperin,whisper ing
disappearing,disappear ing
snappin,snap ing
stripes,stripe 's
zips,zip 's
stools,stool 's
bees,bee 's
ends,end 's
appointments,appointment 's
offs,off 's
cocoons,cocoon 's
locks,lock 's
evenin,evening
strollers,stroller 's
hyenas,hyena 's
belts,belt 's
Gramps',Gramps 's
messing,mess ing
stockings,stocking 's
tastes,taste 's
explains,explain 's
barrels,barrel 's
suitcases,suitcase 's
matters,matter 's
snowflakes,snowflake 's
tubes,tube 's
reasoning,reason ing
peanuts,peanut 's
others,other 's
coughs,cough 's
offices,office 's
bites,bite 's
suits,suit 's
helmets,helmet 's
Peanuts,Peanut 's
ladders,ladder 's
chewing,chew ing
movin,move ing
enjoys,enjoy 's
porcupines,porcupine 's
quacking,quack ing
eagles,eagle 's
snowing,snow ing
devils,devil 's
barks,bark 's
knives,knife 's
pats,pat 's
stores,store 's
reachin,reach ing
closin,close ing
cleaners,cleaner 's
moves,move 's
pipes,pipe 's
fishies,fishie 's
words,word 's
rings,ring 's
shades,shade 's
powers,power 's
milks,milk 's
kits,kit 's
cares,care 's
mooses,moose 's
yells,yell 's
eyeing,eye ing
corns,corn 's
wonders,wonder 's
houses,house 's
smashing,smash ing
mates,mate 's
skins,skin 's
mistakes,mistake 's
swingin,swing ing
listenin,listen ing
heads,head 's
reminding,remind ing
graves,grave 's
jeeps,jeep 's
transmitters,transmitter 's
passes,pass 's
mountains,mountain 's
Jules,INFNAME
packing,pack ing
mushing,mush ing
crows',crow 's
stands,stand 's
appreciates,appreciate 's
fighting,fight ing
stomping,stomp ing
clothing,cloth ing
pouring,pour ing
tops,top 's
tonsils,tonsil 's
pickin,pick ing
visits,visit 's
goodbyes,goodbye 's
legs,leg 's
ordering,order ing
lists,list 's
sixes,six 's
doubles,double 's
collecting,collect ing
sights,sight 's
feelin,feel ing
tickles,tickle 's
bodys,body 's
spanks,spank 's
doughnuts,doughnut 's
daddys,daddy 's
ducks,duck 's
ringin,ring ing
slides,slide 's
running,run ing
clicks,click 's
knowing,know ing
robins,robin 's
skiing,ski ing
bags,bag 's
Tiggers,Tigger 's
registers,register 's
racing,race ing
tumblin,tumble ing
tomatos,tomato 's
sidewalks,sidewalk 's
rooms,room 's
scoops,scoop 's
nibbles,nibble 's
dresses,dress 's
waters,water 's
erases,erase 's
coals,coal 's
blocking,block ing
Mothers,Mother 's
juices,juice 's
licking,lick ing
drips,drip 's
squishes,squish 's
mommies,mommy 's
eggs,egg 's
doodling,doodle ing
nibbling,nibble ing
workin,work ing
hams,ham 's
bakers,baker 's
pals,pal 's
fences,fence 's
pentagons,pentagon 's
swamps,swamp 's
bathtubs,bathtub 's
cells,cell 's
fallin,fall ing
feelings,feeling 's
mooing,moo ing
bonkin,bonk ing
oranges,orange 's
streams,stream 's
screaming,scream ing
Islands,Island 's
screwdrivers,screwdriver 's
boxes,box 's
wraps,wrap 's
bicycles,bicycle 's
pays,pay 's
matching,match ing
pounding,pound ing
rides,ride 's
dogs,dog 's
pineapples,pineapple 's
characters,character 's
games,game 's
armadillos,armadillo 's
motors,motor 's
spins,spin 's
balls,ball 's
years,year 's
dinos,dino 's
sayin',say ing
Nicholas,INFNAME
plains,plain 's
dragons',dragon 's
birdies,birdie 's
moneys,money 's
ballerinas,ballerina 's
distances,distance 's
thirds,third 's
slices,slice 's
shapes,shape 's
rugs,rug 's
snails,snail 's
bites,bite 's
movies,movie 's
fishing,fish ing
ears,ear 's
crashing,crash ing
fishes,fish 's
flamingos,flamingo 's
c ds,cd 's
c d ,cd 
spaces,space 's
apples,apple 's
es,does
flipping,flip ing
leashes,leash 's
snorting,snort ing
noodles,noodle 's
cucumbers,cucumber 's
crying,cry ing
sons,son 's
ops,oops
screens,screen 's
guards,guard 's
Brothers,Brother 's
pencils,pencil 's
watching,watch ing
os,o 's
bells,bell 's
favors,favor 's
opossums,opossum 's
spooning,spoon ing
taxes,tax 's
treatin,treat ing
hoppin,hop ing
masters,master 's
attaches,attach 's
bottles,bottle 's
horses,horse 's
doggies,doggie 's
cubes,cube 's
scrapes,scrape 's
climbing,climb ing
benches,bench 's
snows,snow 's
summers,summer 's
donkeys,donkey 's
cones,cone 's
hates,hate 's
concerts,concert 's
mushrooms,mushroom 's
rakes,rake 's
understanding,understand ing
daughters,daughter 's
yawnin,yawn ing
churches,church 's
Julius,INFNAME
butterflys,butterfly 's
butterflies,butterfly 's
Erics,INFNAME 's
bulls,bull 's
Clauses,Claus 's
ramps,ramp 's
upsetting,upset ing
thunders,thunder 's
kitchens,kitchen 's
squeezing,squeeze ing
waterin,water ing
dining,dine ing
votes,vote 's
kinds,kind 's
realizes,realize 's
whinin,whine ing
tortoises,tortoise 's
vans,van 's
chokin,choke ing
schoolbus,school bus
knobs,knob 's
captains,captain 's
crocodiles,crocodile 's
Africans,African 's
farming,farm ing
spellin,spell ing
oys,oy 's
suggesting,suggest ing
storms,storm 's
campin,camp ing
charges,charge 's
dwarfs,dwarf 's
newspapers,newspaper 's
panes,pane 's
trains,train 's
bunnys,bunny 's
forks,fork 's
potatos,potato 's
potatoes,potato 's
crumbs,crumb 's
readin,read ing
Birds,Bird 's
aunts,aunt 's
mammals,mammal 's
cools,cool 's
foldin,fold ing
tucking,tuck ing
stretches,stretch 's
twistin,twist ing
pinchin,pinch ing
beards,beard 's
sneakin,sneak ing
slippin,slip ing
offices,office 's
oceans,ocean 's
mousies,mousie 's
peeling,peel ing
Amy,INFNAME
puppys,puppy 's
stringing,string ing
chases,chase 's
squishing,squish ing
sweeps,sweep 's
boats,boat 's
friends',friend 's
mans,man 's
lays,lay 's
sneezin,sneeze ing
quilts,quilt 's
seals,seal 's
adults,adult 's
differences,difference 's
days,day 's
flips,flip 's
timin,time ing
Legos,Lego 's
unties,untie 's
hamburgers,hamburger 's
bumpers,bumper 's
wigs,wig 's
sharin,share ing
prints,print 's
Susans,INFNAME 's
sizes,size 's
freezing,freeze ing
anyways,anyway 's
huggin,hug ing
hurting,hurt ing
nuts,nut 's
boots,boot 's
Chris,INFNAME
teething,teeth ing
flooring,floor ing
turning,turn ing
pancakes,pancake 's
spends,spend 's
steaming,steam ing
flashlights,flashlight 's
cribs,crib 's
confuses,confuse 's
tails,tail 's
nickels,nickel 's
firsts,first 's
do n'ting,donting
forests,forest 's
spaceships,spaceship 's
dumps,dump 's
fighters,fighter 's
bathing,bathe ing
soundin,sound ing
keeps,keep 's
sprinklers,sprinkler 's
moments,moment 's
spraying,spray ing
houses,house 's
cookies,cookie 's
plans,plan 's
typing,type ing
onions,onion 's
tricycles,tricycle 's
cheeses,cheese 's
guys,guy 's
airplanes,airplane 's
frustrates,frustrate 's
takin,take ing
teachin,teach ing
reds,red 's
draws,draw 's
finishes,finish 's
letters,letter 's
smooths,smooth 's
choices,choice 's
thumping,thump ing
garages,garage 's
offering,offer ing
tyin,tie ing
grounds,ground 's
oopsies,oopsie 's
protects,protect 's
thins,thin 's
headbands,headband 's
punching,punch ing
chests,chest 's
builders,builder 's
needles,needle 's
growing,grow ing
lips,lip 's
rectangles,rectangle 's
duckies,duckie 's
licks,lick 's
caves,cave 's
bucking,buck ing
filming,film ing
laws,law 's
connects,connect 's
fooling,fool ing
circling,circle ing
bridges,bridge 's
feathers,feather 's
grades,grade 's
directions,direction 's
rules,rule 's
wakin,wake ing
byes,bye 's
emptying,empty ing
sponges,sponge 's
stuffin,stuff ing
areas,area 's
openin,open ing
whistling,whistle ing
banks,bank 's
sides,side 's
drawings,drawing 's
washcloths,washcloth 's
squids,squid 's
rocks,rock 's
burnin,burn ing
arrives,arrive 's
microphones,microphone 's
remembering,remember ing
beings,being 's
hating,hate ing
loads,load 's
shopping,shop ing
crossing,cross ing
candles,candle 's
middles,middle 's
selling,sell ing
knowin,know ing
rides,ride 's
Sophies',INFNAME 's
Toots,INFNAME
startin,start ing
buildings,building 's
gods,god 's
squeaking,squeak ing
thumbs,thumb 's
nanas,nana 's
spreads,spread 's
mummies,mummy 's
places,place 's
games,game 's
branches,branch 's
dimes,dime 's
lights,light 's
sails,sail 's
rooting,root ing
trunks,trunk 's
footing,foot ing
walkers,walker 's
resting,rest ing
dancin,dance ing
dollies,dollie 's
Thursdays,Thursday 's
leaves,leave 's
continuing,continue ing
books,book 's
wrecking,wreck ing
ws,was
lighting,light ing
trays,tray 's
tracing,trace ing
sweatshirts,sweatshirt 's
clowns,clown 's
bushes,bush 's
babies,baby 's
ghosts,ghost 's
boxing,box ing
killing,kill ing
dreams,dream 's
shedding,shedd ing
sweets,sweet 's
covers,cover 's
decorating,decorate ing
pieces,piece 's
losing,lose ing
frisbees,frisbee 's
attacks,attack 's
Playdohs,playdoh 's
wasting,waste ing
telephones,telephone 's
curling,curl ing
bathrooms,bathroom 's
cleanin,clean ing
bakes,bake 's
porcupines,porcupine 's
adventures,adventure 's
news,new 's
sandals,sandal 's
propellers,propeller 's
sings,sing 's
pigeons,pigeon 's
piling,pile ing
business,business 's
sneezes,sneeze 's
ouchies,ouchie 's
sharing,share ing
serving,serve ing
funning,fun ing
moons,moon 's
woos,woo 's
mittens,mitten 's
facin,face ing
basketballs,basketball 's
burns,burn 's
spying,spy ing
listening,listen ing
diving,dive ing
evenings,evening 's
Floppys,Floppy 's
mines,mine 's
snowin,snow ing
bottoms,bottom 's
continues,continue 's
triangles,triangle 's
puts,put 's
payin,pay ing
wands,wand 's
returns,return 's
clouds,cloud 's
treasures,treasure 's
warming,warm ing
wronging,wrong ing
Thomas',INFNAME 's
blinking,blink ing
dishes,dish 's
shines,shine 's
sprinkling,sprinkle ing
spankings,spank ing 's
agrees,agree 's
lifting,lift ing
birds,bird 's
nets,net 's
waterfalls,waterfall 's
takes,take 's
munching,munch ing
chickies,chickie 's
nights,night 's
Grandpas,Grandpa 's
feels,feel 's
circles,circle 's
pushes,push 's
holes,hole 's
bounces,bounce 's
kicking,kick ing
snuggles,snuggle 's
suppers,supper 's
rats,rat 's
shells,shell 's
dieing,die ing
imagining,imagine ing
grating,grate ing
stopping,stop ing
threes,three 's
parks,park 's
planets,planet 's
sundays,sunday 's
plastics,plastic 's
testin,test ing
James,INFNAME
peeking,peek ing
fields,field 's
grahams,graham 's
treats,treat 's
taping,tape ing
waffles,waffle 's
having,have ing
instructions,instruction 's
childrens,children 's
flushing,flush ing
enjoying,enjoy ing
sipping,sip ing
itches,itch 's
finishing,finish ing
engines,engine 's
turtles,turtle 's
computers,computer 's
froggies,froggie 's
chances,chance 's
splinters,splinter 's
jackets,jacket 's
shakes,shake 's
landing,land ing
lives,live 's
wiping,wipe ing
duckies,duckie 's
fridges,fridge 's
Frances,INFNAME
pianos,piano 's
traps,trap 's
slicing,slice ing
INFNAMEs,INFNAME 's
wobbling,wobble ing
flaps,flap 's
measures,measure 's
stomachs,stomach 's
dealing,deal ing
zipping,zip ing
shoes,shoe 's
guesses,guess 's
sugars,sugar 's
booing,boo ing
starring,star ing
floatin,float ing
figures,figure 's
clues,clue 's
paintin,paint ing
roses,rose 's
fiddles,fiddle 's
shows,show 's
sausages,sausage 's
ponies,pony 's
dumping,dump ing
tapes,tape 's
byebyes,byebye 's
napping,nap ing
kangaroos,kangaroo 's
bases,base 's
Blues,Blue 's
shouts,shout 's
overs,over 's
Valentines,Valentine 's
Monsters,Monster 's
creatures,creature 's
magazines,magazine 's
passing,pass ing
gardens,garden 's
stepping,step ing
soles,sole 's
paddles,paddle 's
wings,wing 's
sayin,say ing
escapes,escape 's
nursing,nurse ing
peekin,peek ing
joys,joy 's
rollin,roll ing
playin,play ing
crocodiles,crocodile 's
oranges,orange 's
piglets,piglet 's
sisters',sister 's
crunching,crunch ing
bibs,bib 's
tickles,tickle 's
trashing,trash ing
Belles,Belle 's
checkers,checker 's
coconuts,coconut 's
loves,love 's
loses,lose 's
rests,rest 's
lakes,lake 's
raising,raise ing
rules,rule 's
bodies,body 's
measurin,measure ing
shapes,shape 's
wagging,wag ing
doodles,doodle 's
jungles,jungle 's
squirts,squirt 's
deserving,deserve ing
halls,hall 's
supermarkets,supermarket 's
bracelets,bracelet 's
bearing,bear ing
mixin,mix ing
wishes,wish 's
listens,listen 's
partying,party ing
loops,loop 's
rabbits,rabbit 's
bums,bum 's
thumps,thump 's
cigarettes,cigarette 's
grandmas,grandma 's
blinkin,blink ing
shuttin,shutt ing
switchin,switch ing
grapefruits,grapefruit 's
jumpin,jump ing
ignoring,ignor ing
diggin,digg ing
going,go ing
breads,bread 's
Charles,INFNAME
shades,shade 's
blames,blame 's
settles,settle 's
butts,butt 's
escapes,escape 's
tickling,tickle ing
turns,turn 's
roads,road 's
knees,knee 's
banking,bank ing
pears,pear 's
sleds,sled 's
rippin,rip ing
moos,moo 's
winnin,win ing
potatoes,potato 's
rakes,rake 's
clunking,clunk ing
favorites,favorite 's
legos,lego 's
mobiles,mobile 's
fishes,fish 's
sticking,stick ing
meetings,meeting 's
roaring,roar ing
seasons,season 's
lobsters,lobster 's
mines,mine 's
colds,cold 's
jingles,jingle 's
dinosaurs,dinosaur 's
elastics,elastic 's
beads,bead 's
ambulances,ambulance 's
flashing,flash ing
drilling,drill ing
makes,make 's
guitars,guitar 's
tongues,tongue 's
bonking,bonk ing
dias,dia 's
pushes,push 's
sofas,sofa 's
hands,hand 's
purposes,purpose 's
antennas,antenna 's
shelfs,shelf 's
streets,street 's
poking,poke ing
joking,joke ing
suggests,suggest 's
pictures,picture 's
baseballs,baseball 's
storys,story 's
mails,mail 's
catchin,catch ing
pullin,pull ing
speeds,speed 's
Minnies,Minnie 's
chewin,chew ing
gives,give 's
relatives,relative 's
coats,coat 's
aching,ache ing
erases,erase 's
sizes,size 's
makin,make ing
spelling,spell ing
chipping,chip ing
touches,touch 's
sitters,sitter 's
weeks,week 's
thumpin,thump ing
rights,right 's
insects,insect 's
tables,table 's
walnuts,walnut 's
coffees,coffee 's
lickin,lick ing
frys,fry 's
boys',boy 's
clowning,clown ing
programs,program 's
fixing,fix ing
balances,balance 's
humming,hum ing
moms,mom 's
puffin,puff ing
gulping,gulp ing
reports,report 's
Wiggles,Wiggle 's
backs,back 's
pads,pad 's
ties,tie 's
waitin,wait ing
underwears,underwear 's
breathing,breathe ing
saws,saw 's
purring,purr ing
rolling,roll ing
sighing,sigh ing
bringing,bring ing
traveling,travel ing
lines,line 's
wiggles,wiggle 's
babes,babe 's
manners,manner 's
floats,float 's
pages,page 's
paddling,paddle ing
bowling,bowl ing
ways,way 's
lots,lot 's
blinks,blink 's
staying,stay ing
beers,beer 's
plugging,plug ing
nappies,nappie 's
exercises,exercise 's
valentines,valentine 's
unicorns,unicorn 's
members,member 's
skippin,skip ing
pumps,pump 's
piles,pile 's
tusks,tusk 's
nursies,nursie 's
talking,talk ing
rubbing,rub ing
minds,mind 's
goin',go ing
pokes,poke 's
daes,does
pools,pool 's
holding,hold ing
guessing,guess ing
teasing,tease ing
mushes,mush 's
sorts,sort 's
insides,inside 's
chops,chop 's
violins,violin 's
twirling,twirl ing
answers,answer 's
cokes,coke 's
waving,wave ing
playin',play ing
bills,bill 's
shines,shine 's
parades,parade 's
pretzels,pretzel 's
worrying,worry ing
locking,lock ing
wishin,wish ing
doin,do ing
jokes,joke 's
tents,tent 's
forgettin,forget ing
pajamas,pajama 's
hahaha,ha ha ha
roosters,rooster 's
holders,holder 's
fives,five 's
believes,believe 's
dragons,dragon 's
hoses,hose 's
hides,hide 's
stirs,stir 's
reaching,reach ing
sneakers,sneaker 's
killin,kill ing
coins,coin 's
numbers,number 's
drinkin,drink ing
nipples,nipple 's
blowin,blow ing
spaces,space 's
fins,fin 's
rowing,row ing
neighbors',neighbor 's
Joes,INFNAME 's
sucking,suck ing
envelopes,envelope 's
tellin,tell ing
Ewoks,Ewok 's
wigglin,wiggle ing
claws,claw 's
potats,potato 's
fries,fry 's
timing,time ing
falling,fall ing
cakes,cake 's
recorders,recorder 's
Santas,Santa 's
scribblin,scribble ing
strangers,stranger 's
positions,position 's
bumbling,bumble ing
foxes,fox 's
ants,ant 's
cares,care 's
napkins,napkin 's
poisons,poison 's
baskets,basket 's
supposing,suppose ing
springs,spring 's
adventures,adventure 's
smiles,smile 's
drawin,draw ing
beginning,begin ing
scratches,scratch 's
knees,knee 's
cupcakes,cupcake 's
stones,stone 's
mamas,mama 's
bounces,bounce 's
shares,share 's
swimming,swim ing
relaxin,relax ing
bolts,bolt 's
pumpkins,pumpkin 's
feets,feet 's
ages,age 's
flowering,flower ing
buys,buy 's
straps,strap 's
drivers,driver 's
doin',do ing
bears,bear 's
wearing,wear ing
buttering,butter ing
airs,air 's
skis,ski 's
stealin,steal ing
lambs,lamb 's
somein,something
relatives,relative 's
muffins,muffin 's
squeezes,squeeze 's
lizards,lizard 's
kissin,kiss ing
toasting,toast ing
scratchin,scratch ing
marries,marry 's
lettin,let ing
begins,begin 's
robots,robot 's
Valentines,Valentine 's
sighs,sigh 's
tens,ten 's
kiwis,kiwi 's
ticklin,tickle ing
lessons,lesson 's
drivin,drive ing
hills,hill 's
peeing,pee ing
tanks,tank 's
keeping,keep ing
roars,roar 's
binkies,binkie 's
needing,need ing
catching,catch ing
becoming,become ing
parkin,park ing
smokes,smoke 's
surprises,surprise 's
goofing,goof ing
mirrors,mirror 's
toeing,toe ing
piping,pipe ing
cheatin,cheat ing
shaking,shake ing
sentences,sentence 's
heels,heel 's
carrying,carry ing
studying,study ing
thanking,thank ing
bangs,bang 's
las,last
fussin,fuss ing
ashes,ash 's
pines,pine 's
cops,cop 's
commercials,commercial 's
forgetting,forget ing
speaking,speak ing
marchin,march ing
cuts,cut 's
counting,count ing
circuses,circus 's
beasts,beast 's
rakin,rake ing
hotels,hotel 's
pictures,picture 's
players,player 's
tearing,tear ing
whistles,whistle 's
closes,close 's
sailboats,sailboat 's
milkshakes,milkshake 's
becomes,become 's
owes,owe 's
coughing,cough ing
steppin,step ing
meaning,mean ing
answering,answer ing
Bobs,INFNAME 's
chances,chance 's
daring,dare ing
chuggin,chug ing
bangin,bang ing
swings,swing 's
Jenes,INFNAME
ladys,lady 's
shirts,shirt 's
ignorin,ignore ing
cookies,cookie 's
sentences,sentence 's
beaks,beak 's
tiptoeing,tiptoe ing
fathers,father 's
swallowing,swallow ing
kings,king 's
byes,bye 's
layin,lay ing
birdies,birdie 's
bridges,bridge 's
fillin,fill ing
joins,join 's
facing,face ing
wits,wit 's
tables,table 's
buts,but 's
changing,change ing
nesting,nest ing
sleddin,sled ing
costumes,costume 's
Wes,INFNAME
comes,come 's
voices,voice 's
Parents,Parent 's
cradles,cradle 's
sellin,sell ing
temperatures,temperature 's
lands,land 's
fives,five 's
carriages,carriage 's
pinching,pinch ing
clicking,click ing
kittens,kitten 's
flies,fly 's
sneezes,sneeze 's
skies,ski 's
buildin,build ing
counters,counter 's
founding,found ing
crowns,crown 's
breaking,break ing
watermelons,watermelon 's
uses,use 's
soldiers,soldier 's
honks,honk 's
cabs,cab 's
feeding,feed ing
moves,move 's
salads,salad 's
wants,want 's
noses,nose 's
patting,pat ing
flops,flop 's
herds,herd 's
scrapes,scrape 's
pourin,pour ing
arms,arm 's
planes,plane 's
ironing,iron ing
trees,tree 's
blocks,block 's
sendin,send ing
jugs,jug 's
hammering,hammer ing
cryin',cry ing
towing,tow ing
clubs,club 's
wheeling,wheel ing
mornings,morning 's
ridges,ridge 's
mops,mop 's
pinkies,pinkie 's
showers,shower 's
cracking,crack ing
poodles,poodle 's
coming,come ing
toasters,toaster 's
combin,comb ing
gorillas,gorilla 's
crabs,crab 's
distances,distance 's
bubbles,bubble 's
envelopes,envelope 's
ones,one 's
claps,clap 's
gettin,get ing
candies,candy 's
sheeps,sheep 's
jumps,jump 's
kisses,kiss 's
flying,fly ing
slowing,slow ing
fences,fence 's
trading,trade ing
shaves,shave 's
ladies,lady 's
hes,he 's
tiptoes,tiptoe 's
punches,punch 's
rescues,rescue 's
mindin,mind ing
screwing,screw ing
crashes,crash 's
rosies,rosie 's
suitcases,suitcase 's
blacks,black 's
favorites,favorite 's
elbows,elbow 's
bulbs,bulb 's
boxes,box 's
clips,clip 's
drives,drive 's
spines,spin 's
pores,pore 's
stories,story 's
artists,artist 's
hooks,hook 's
adds,add 's
touching,touch ing
believing,believe ing
shops,shop 's
pins,pin 's
jingling,jingle ing
chasing,chase ing
hurrying,hurry ing
flappin,flap ing
spies,spy 's
combining,combine ing
wags,wag 's
songs,song 's
Hans,INFNAME
shaving,shave ing
friends,friend 's
liking,like ing
nailing,nail ing
scraps,scrap 's
airing,air ing
printing,print ing
sprinkles,sprinkle 's
patterns,pattern 's
dis,this
fixes,fix 's
offers,offer 's
fruits,fruit 's
Woods,Wood 's
Sweets,Sweet 's
whats,what 's
coughin,cough ing
baths,bath 's
rips,rip 's
wheels,wheel 's
raccoons,raccoon 's
needles,needle 's
cabooses,caboose 's
heavens,heaven 's
checkin,check ing
minutes,minute 's
babys',baby 's
settin,set ing
sittin,sit ing
reaches,reach 's
passengers,passenger 's
hips,hip 's
butterflies,butterfly 's
tigers,tiger 's
skunks,skunk 's
filing,file ing
trucking,truck ing
ladybugs,ladybug 's
bats,bat 's
toddlers,toddler 's
posing,pose ing
itching,itch ing
dads,dad 's
working,work ing
popsicles,popsicle 's
tapin,tape ing
mikes,mike 's
bedding,bed ing
marketing,market ing
breaths,breath 's
slidin,slide ing
watchin,watch ing
ups,up 's
rocking,rock ing
paying,pay ing
hogs,hog 's
sits,sit 's
guns,gun 's
cries,cry 's
fishies,fishie 's
rescuing,rescue ing
sandboxes,sandbox 's
burping,burp ing
butting,butt ing
fills,fill 's
mothers,mother 's
buttons,button 's
zeros,zero 's
bins,bin 's
usin,use ing
bumps,bump 's
drives,drive 's
lollipops,lollipop 's
splashes,splash 's
stations,station 's
wears,wear 's
rushes,rush 's
wagons,wagon 's
tying,tie ing
credits,credit 's
rhymes,rhyme 's
sneezing,sneeze ing
creams,cream 's
learns,learn 's
cheating,cheat ing
students,student 's
cameras,camera 's
changes,change 's
sores,sore 's
mondays,monday 's
oes,does
noises,noise 's
motorcycles,motorcycle 's
homes,home 's
sweeping,sweep ing
materials,material 's
caves,cave 's
Bears,Bear 's
enjoyin,enjoy ing
switching,switch ing
eyebrows,eyebrow 's
turnin,turn ing
recognizes,recognize 's
sandwiches,sandwich 's
rhyming,rhyme ing
roots,root 's
wiggles,wiggle 's
macaronis,macaroni 's
racin,race ing
doorbells,doorbell 's
babes,babe 's
froggies,froggie 's
teasin,tease ing
wins,win 's
hears,hear 's
flys,fly 's
trolleys,trolley 's
firefighters,firefighter 's
lifts,lift 's
makes,make 's
Rs,R 's
snapping,snap ing
Gods,God 's
twisting,twist ing
votes,vote 's
pressing,press ing
towns,town 's
poses,pose 's
sleeps,sleep 's
presidents,president 's
deals,deal 's
somersaults,somersault 's
delivers,deliver 's
donuts,donut 's
flashes,flash 's
dials,dial 's
toys,toy 's
accidents,accident 's
invites,invite 's
stickin,stick ing
ruins,ruin 's
sucks,suck 's
wrecks,wreck 's
adding,add ing
tries,try 's
heros,hero 's
sews,sew 's
Sarahs,INFNAME 's
bowls,bowl 's
medicines,medicine 's
dreamin,dream ing
mixers,mixer 's
neighbors,neighbor 's
saves,save 's
lines,line 's
writes,write 's
flats,flat 's
pits,pit 's
sores,sore 's
thundering,thunder ing
stages,stage 's
Es,E 's
skirts,skirt 's
purples,purple 's
serves,serve 's
smilin,smile ing
chalks,chalk 's
returning,return ing
batteries,battery 's
stackin,stack ing
hoses,hose 's
leopards,leopard 's
touches,touch 's
barrettes,barrette 's
driving,drive ing
wheres,where 's
leaves,leave 's
outsides,outside 's
clickin,click ing
unscrews,unscrew 's
slots,slot 's
Ears,Ear 's
wearin,wear ing
maps,map 's
puppets,puppet 's
meows,meow 's
pooping,poop ing
paddles,paddle 's
chocolates,chocolate 's
doctors,doctor 's
throws,throw 's
hans,hand 's
races,race 's
beetles,beetle 's
lunches,lunch 's
pirates,pirate 's
bakes,bake 's
opposites,opposite 's
teams,team 's
dribbling,dribble ing
avocados,avocado 's
trips,trip 's
periods,period 's
goes,go 's
pineapples,pineapple 's
downs,down 's
stuffing,stuff ing
brings,bring 's
stings,sting 's
colleges,college 's
bends,bend 's
chickies,chickie 's
eaters,eater 's
treasures,treasure 's
snacks,snack 's
pointin,point ing
gardening,garden ing
Thomas,INFNAME
beets,beet 's
kites,kite 's
heating,heat ing
sunning,sun ing
tries,try 's
smiling,smile ing
searching,search ing
thinkin,think ing
loadin,load ing
swallows,swallow 's
giggles,giggle 's
joining,join ing
adventuring,adventure ing
smackin,smack ing
stirring,stir ing
prizes,prize 's
wakes,wake 's
hiking,hike ing
bicycles,bicycle 's
brains,brain 's
spices,spice 's
rows,row 's
abcs,abc 's
mousies,mousie 's
hairs,hair 's
tomatoes,tomato 's
dressing,dress ing
vests,vest 's
realizes,realize 's
squirrels,squirrel 's
bones,bone 's
chews,chew 's
explaining,explain ing
Frances,INFNAME
crayoning,crayon ing
clucking,cluck ing
tucks,tuck 's
hitting,hit ing
frames,frame 's
uncles,uncle 's
meats,meat 's
weighing,weigh ing
differences,difference 's
borrowing,borrow ing
doggys,doggy 's
flippin,flip ing
Mooshas,INFNAME 's
poopies,poopie 's
sausages,sausage 's
persons,person 's
riches,rich 's
ribbons,ribbon 's
twins,twin 's
rains,rain 's
teases,tease 's
byebyes,byebye 's
wrists,wrist 's
berries,berry 's
indians,indian 's
taps,tap 's
pizzas,pizza 's
foots,foot 's
countin,count ing
giraffes,giraffe 's
stacks,stack 's
follows,follow 's
pounds,pound 's
collars,collar 's
padding,pad ing
secrets,secret 's
packages,package 's
plants,plant 's
longing,long ing
shampooing,shampoo ing
floors,floor 's
beeping,beep ing
tumbles,tumble 's
mosquitos,mosquito 's
thousands,thousand 's
clipping,clip ing
metals,metal 's
scrubbing,scrub ing
cabooses,caboose 's
exercising,exercise ing
cookin',cook ing
pinkies,pinkie 's
docks,dock 's
raking,rake ing
scribbles,scribble 's
jets,jet 's
hares,hare 's
colors,color 's
terms,term 's
Lauras,INFNAME 's
teachers',teacher 's
groups,group 's
mics,mike 's
attaches,attach 's
babysitting,babysit ing
fussings,fuss ing 's
tears,tear 's
scooting,scoot ing
Grandmas,Grandma 's
fittin,fit ing
slides,slide 's
promises,promise 's
erasing,erase ing
ruining,ruin ing
babysits,babysit 's
pockets,pocket 's
cubes,cube 's
Misses,Miss 's
fingernails,fingernail 's
livin,live ing
boys,boy 's
minding,mind ing
yogurts,yogurt 's
Mikes,INFNAME 's
crows,crow 's
snores,snore 's
pointing,point ing
Belles,Belle 's
looking,look ing
smoking,smoke ing
cooking,cook ing
besides,beside 's
gates,gate 's
octopuses,octopus 's
cradles,cradle 's
saves,save 's
testing,test ing
squishes,squish 's
blankets,blanket 's
prefers,prefer 's
haircuts,haircut 's
loving,love ing
sleeves,sleeve 's
puttin,put ing
packin,pack ing
tags,tag 's
boarding,board ing
situations,situation 's
languages,language 's
firs,fir 's
charges,charge 's
scheduling,schedule ing
stealing,steal ing
fussing,fuss ing
squeezes,squeeze 's
nests,nest 's
chocolates,chocolate 's
thinking,think ing
flapping,flapp ing
balloons,balloon 's
hiding,hide ing
tankers,tanker 's
pushin,push ing
tiptoes,tiptoe 's
services,service 's
attaching,attach ing
sandwiches,sandwich 's
rattles,rattle 's
inviting,invite ing
twists,twist 's
belongs,belong 's
afternoons,afternoon 's
jokes,joke 's
fronts,front 's
picnics,picnic 's
talks,talk 's
rabbits',rabbit 's
draining,drain ing
dries,dry 's
cheering,cheer ing
steps,step 's
decides,decide 's
designs,design 's
Mickeys,Mickey 's
questioning,question ing
Indians,Indian 's
cutting,cut ing
trimming,trim ing
pretending,pretend ing
wrappin,wrap ing
rounds,round 's
dies,die 's
villages,village 's
olives,olive 's
peaches,peach 's
foolin,fool ing
bees,bee 's
trailers,trailer 's
wobbles,wobble 's
droppings,dropping 's
brushes,brush 's
giraffes,giraffe 's
peoples,people 's
cards,card 's
tripping,trip ing
drippin,drip ing
squirtin,squirt ing
vacations,vacation 's
candles,candle 's
projects,project 's
movies,movie 's
throwing,throw ing
pegs,peg 's
puppies,puppy 's
grapes,grape 's
crackin,crack ing
spoons,spoon 's
leafs,leaf 's
wondering,wonder ing
reminds,remind 's
crusts,crust 's
rackets,racket 's
frying,fry ing
states,state 's
blues,blue 's
cabbages,cabbage 's
kicks,kick 's
ships,ship 's
cheeps,cheep 's
leavin,leave ing
purples,purple 's
blanks,blank 's
booms,boom 's
jumpin',jump ing
middles,middle 's
spanking,spank ing
pecking,peck ing
trapping,trap ing
fixin,fix ing
blueberrys,blueberry 's
elephants,elephant 's
overalls,overall 's
walks,walk 's
telling,tell ing
noticing,notice ing
freezes,freeze 's
instruments,instrument 's
wonderin,wonder ing
spinning,spin ing
scaring,scare ing
poops,poop 's
willing,will ing
dandelions,dandelion 's
clocks,clock 's
strawberrys,strawberry 's
boils,boil 's
fiddling,fiddle ing
milking,milk ing
chips,chip 's
cherries,cherry 's
grabs,grab 's
cabbages,cabbage 's
hunts,hunt 's
months,month 's
orders,order 's
scooping,scoop ing
shinin,shine ing
puzzles,puzzle 's
scales,scale 's
coverin,cover ing
Cs,C 's
monkeys,monkey 's
journeys,journey 's
desserts,dessert 's
leaning,lean ing
plays,play 's
poodles,poodle 's
thoughts,thought 's
raises,raise 's
machines,machine 's
farmers,farmer 's
edging,edge ing
Andres,INFNAME
takes,take 's
feedin,feed ing
Oatios,Oatio 's
capitals,capital 's
gallons,gallon 's
chooses,choose 's
opening,open ing
wanting,want ing
separates,separate 's
starting,start ing
miles,mile 's
blouses,blouse 's
teachers,teacher 's
watering,water ing
motorcycles,motorcycle 's
fireworks,firework 's
clams,clam 's
poles,pole 's
getting,get ing
potatoes,potato 's
invites,invite 's
brushin,brush ing
stops,stop 's
picks,pick 's
hours,hour 's
jingles,jingle 's
builds,build 's
grows,grow 's
races,race 's
speaks,speak 's
asks,ask 's
faking,fake ing
placing,place ing
outing,out ing
askin,ask ing
parents,parent 's
cooperating,cooperate ing
cages,cage 's
worms,worm 's
connecting,connect ing
Mouses,Mouse 's
twos,two 's
digs,dig 's
saucers,saucer 's
hops,hop 's
seems,seem 's
sprinkles,sprinkle 's
roofs,roof 's
axes,axe 's
mustaches,mustache 's
dinners,dinner 's
handles,handle 's
cheers,cheer 's
tumbles,tumble 's
painting,paint ing
bales,bale 's
rolls,roll 's
tumbling,tumble ing
dollies,dollie 's
fridays,friday 's
clears,clear 's
costumes,costume 's
packs,pack 's
standin,stand ing
botherin,bother ing
fixes,fix 's
arts,art 's
mommas,momma 's
stamps,stamp 's
helpin,help ing
strings,string 's
settles,settle 's
troubles,trouble 's
radios,radio 's
frames,frame 's
dances,dance 's
lemons,lemon 's
tastin,taste ing
planting,plant ing
cases,case 's
falls,fall 's
zooming,zoom ing
charging,charge ing
barns,barn 's
dips,dip 's
haves,have 's
Williams,INFNAME 's
meals,meal 's
Pops,Pop 's
kiddin,kid ing
alls,all 's
Nanas,Nana 's
cigarettes,cigarette 's
scratching,scratch ing
becomes,become 's
breakfasts,breakfast 's
Arthurs,INFNAME 's
comings,coming 's
potties,potty 's
promises,promise 's
bugging,bug ing
meeting,meet ing
tipping,tip ing
screening,screen ing
tissues,tissue 's
nurses',nurse 's
beeps,beep 's
giggles,giggle 's
swims,swim 's
writin,write ing
coupling,couple ing
owls,owl 's
munches,munch 's
wipes,wipe 's
cats',cat 's
blames,blame 's
notes,not 's
someing,some ing
sleepin,sleep ing
deserts,desert 's
mouths,mouth 's
almonds,almond 's
wishing,wish ing
circles,circle 's
forces,force 's
floatin',float ing
blowing,blow ing
mermaids,mermaid 's
happens,happen 's
parading,parade ing
tweeting,tweet ing
dancing,dance ing
cartoons,cartoon 's
tricking,trick ing
fingers,finger 's
papers,paper 's
blinds,blind 's
snoring,snore ing
buns,bun 's
staring,stare ing
hulks,hulk 's
channels,channel 's
lookin',look ing
levels,level 's
cars,car 's
Minnies,Minnie 's
voices,voice 's
castles,castle 's
pirates,pirate 's
delivering,deliver ing
parts,part 's
masks,mask 's
owies,owie 's
sledding,sled ing
marbles,marble 's
rescues,rescue 's
collects,collect 's
horsies,horsie 's
tips,tip 's
pancakes,pancake 's
crickets,cricket 's
bits,bit 's
warms,warm 's
breathes,breathe 's
pees,pee 's
costing,cost ing
rods,rod 's
Mikes,INFNAME 's
parents',parent 's
bases,base 's
goes,go 's
threes,three 's
Cheerios,Cheerio 's
fishin,fish ing
winning,win ing
behaving,behave ing
savin,save ing
remembers,remember 's
beginnin,begin ing
dripping,drip ing
smokes,smoke 's
helpers,helper 's
dialing,dial ing
opens,open 's
laps,lap 's
whites,white 's
setting,set ing
owes,owe 's
notices,notice 's
microphones,microphone 's
counts,count 's
elephants',elephant 's
cranes,crane 's
grammas,gramma 's
ambulances,ambulance 's
goods,good 's
pumping,pump ing
heading,head ing
edges,edge 's
behaves,behave 's
lamps,lamp 's
jams,jam 's
strawberries,strawberry 's
apples,apple 's
dats,that 's
snuggles,snuggle 's
forces,force 's
languages,language 's
fountains,fountain 's
posts,post 's
familys,family 's
weights,weight 's
stamping,stamp ing
mistakes,mistake 's
washes,wash 's
mouses,mouse 's
drumming,drum ing
hoots,hoot 's
rectangles,rectangle 's
kickin,kick ing
laying,lay ing
stoves,stove 's
horns,horn 's
batting,bat ing
foods,food 's
theirs,their 's
vacuuming,vacuum ing
polishing,polish ing
Jens,INFNAME
friens,friend 's
hedgehogs,hedgehog 's
drying,dry ing
gloves,glove 's
stomps,stomp 's
dumpin,dump ing
carpets,carpet 's
marks,mark 's
hints,hint 's
helps,help 's
peeps,peep 's
smelling,smell ing
queens,queen 's
museums,museum 's
laughing,laugh ing
tracking,track ing
parades,parade 's
miles,mile 's
cents,cent 's
farms,farm 's
statues,statue 's
burgers,burger 's
bubbles,bubble 's
meowing,meow ing
tiles,tile 's
gloves,glove 's
packaging,package ing
weighs,weigh 's
cans,can 's
jokin,jok ing
heroes,hero 's
Ying,INFNAME
branches,branch 's
bookin,book ing
kiddos,kiddo 's
turtles,turtle 's
robes,robe 's
waves,wave 's
teens,teen 's
whining,whine ing
talkin',talk ing
boings,boing 's
raying,ray ing
continues,continue 's
biting,bite ing
peppers,pepper 's
dances,dance 's
weekends,weekend 's
quarts,quart 's
promising,promise ing
Fridays,Friday 's
buss,bus 's
steaks,steak 's
ovals,oval 's
breathes,breathe 's
papas,papa 's
bandaids,bandaid 's
cords,cord 's
juices,juice 's
learning,learn ing
erasers,eraser 's
patched,patch ed
mixed,mix ed
scooped,scoop ed
eared,ear ed
stripped,strip ed
vacuumed,vacuum ed
stared,stare ed
charged,charge ed
finished,finish ed
trained,train ed
zippered,zipper ed
hurted,hurt ed
drived,drive ed
boarded,board ed
loaded,load ed
ripped,rip ed
dipped,dip ed
rocked,rock ed
continued,continue ed
typed,type ed
planned,plan ed
gobbled,gobble ed
rounded,round ed
shared,share ed
crashed,crash ed
figured,figure ed
skinned,skin ed
chickened,chicken ed
searched,search ed
kissed,kiss ed
circled,circle ed
rided,ride ed
beed,be ed
peeked,peek ed
sayed,said
scared,scare ed
stomped,stomp ed
signed,sign ed
puffed,puff ed
helped,help ed
decorated,decorate ed
feared,fear ed
sugared,sugar ed
bothered,bother ed
crunched,crunch ed
walked,walk ed
footed,foot ed
handled,handle ed
rested,rest ed
trailed,trail ed
swimmed,swim ed
skied,ski ed
punched,punch ed
dreamed,dream ed
fooled,fool ed
showed,show ed
boughted,bought ed
nailed,nail ed
catched,catch ed
crossed,cross ed
saved,save ed
pressed,press ed
armed,arm ed
collected,collect ed
danced,dance ed
waned,wane ed
wobbled,wobble ed
jammed,jam ed
bugged,bug ed
bushed,bush ed
comed,come ed
plopped,plop ed
INFNAMEd,INFNAME ed
webbed,web ed
cleared,clear ed
sleeved,sleeve ed
holded,hold ed
stucked,stuck ed
falled,fall ed
knotted,knot ed
pickled,pickle ed
weathered,weather ed
floated,float ed
thinked,think ed
scratched,scratch ed
separated,separate ed
giggled,giggle ed
wanted,want ed
completed,complete ed
thundered,thunder ed
breaded,bread ed
treated,treat ed
sailed,sail ed
placed,place ed
poured,pour ed
screwed,screw ed
bummed,bum ed
necked,neck ed
wasted,waste ed
wanned,want ed
wondered,wonder ed
mopped,mop ed
crawled,crawl ed
hated,hate ed
registered,register ed
darned,darn ed
splashed,splash ed
shampooed,shampoo ed
whined,whine ed
toweled,towel ed
planted,plant ed
picked,pick ed
licked,lick ed
voted,vote ed
yelled,yell ed
passed,pass ed
quacked,quack ed
melted,melt ed
clipped,clip ed
shouted,shout ed
sliced,slice ed
waked,wake ed
weared,wear ed
cleaned,clean ed
layed,lay ed
gived,give ed
squirted,squirt ed
reported,report ed
honked,honk ed
fussed,fuss ed
forced,force ed
filled,fill ed
glued,glue ed
tasted,taste ed
oiled,oil ed
warmed,warm ed
corned,corn ed
presented,present ed
seasoned,season ed
towed,tow ed
rinsed,rinse ed
yawned,yawn ed
battered,batter ed
washed,wash ed
buyed,buy ed
slipped,slip ed
grilled,grill ed
upped,up ed
tracked,track ed
rescued,rescue ed
slinked,slink ed
moved,move ed
looked,look ed
baked,bake ed
tried,try ed
slowed,slow ed
jumped,jump ed
lifted,lift ed
recognized,recognize ed
bubbled,bubble ed
sized,size ed
attacked,attack ed
paddled,paddle ed
wagged,wag ed
crayoned,crayon ed
raised,raise ed
squished,squish ed
boomed,boom ed
designed,design ed
lived,live ed
blooded,blood ed
caved,cave ed
pretended,pretend ed
squashed,squash ed
ouched,ouch ed
farmed,farm ed
balled,ball ed
tapped,tap ed
backed,back ed
shaped,shape ed
gulped,gulp ed
looped,loop ed
snowed,snow ed
nosed,nose ed
horned,horn ed
whispered,whisper ed
closed,close ed
beeped,beep ed
noticed,notice ed
cowed,cow ed
joked,joke ed
billed,bill ed
bathed,bathe ed
worked,work ed
coughed,cough ed
shoveled,shovel ed
snuggled,snuggle ed
wooed,woo ed
filmed,film ed
preferred,prefer ed
acted,act ed
striped,strip ed
needed,need ed
hugged,hug ed
erased,erase ed
topped,top ed
mused,muse ed
whistled,whistle ed
teamed,team ed
pumped,pump ed
chased,chase ed
stacked,stack ed
ended,end ed
peeped,peep ed
traced,trace ed
winged,wing ed
flavored,flavor ed
recorded,record ed
switched,switch ed
stored,store ed
dried,dry ed
echoed,echo ed
hopped,hop ed
started,start ed
starred,star ed
trapped,trap ed
happed,happen ed
bonked,bonk ed
stepped,step ed
pushed,push ed
watered,water ed
wiggled,wiggle ed
borrowed,borrow ed
followed,follow ed
sipped,sip ed
strapped,strap ed
drilled,drill ed
dripped,drip ed
whacked,whack ed
flushed,flush ed
tagged,tag ed
attached,attach ed
climbed,climb ed
banged,bang ed
grabbed,grab ed
believed,believe ed
flashed,flash ed
unzipped,unzip ed
coupled,couple ed
cooled,cool ed
blessed,bless ed
kicked,kick ed
tickled,tickle ed
invited,invite ed
spilled,spill ed
curved,curve ed
missed,miss ed
calmed,calm ed
wheeled,wheel ed
hearted,heart ed
rubbed,rub ed
deserved,deserve ed
petted,pet ed
talked,talk ed
bottled,bottle ed
diapered,diaper ed
loved,love ed
builded,build ed
practiced,practice ed
counted,count ed
flipped,flip ed
locked,lock ed
sucked,suck ed
skipped,skip ed
rained,rain ed
munched,munch ed
blocked,block ed
blamed,blame ed
killed,kill ed
relaxed,relax ed
rolled,roll ed
excused,excuse ed
behaved,behave ed
hunted,hunt ed
microwaved,microwave ed
snapped,snap ed
swallowed,swallow ed
tucked,tuck ed
wiped,wipe ed
reached,reach ed
shoveled,shovel ed
snuggled,snuggle ed
wooed,woo ed
filmed,film ed
preferred,prefer ed
acted,act ed
striped,strip ed
needed,need ed
hugged,hug ed
erased,eras ed
topped,top ed
mused,muse ed
whistled,whistle ed
teamed,team ed
pumped,pump ed
chased,chase ed
stacked,stack ed
ended,end ed
peeped,peep ed
traced,trace ed
winged,wing ed
flavored,flavor ed
recorded,record ed
switched,switch ed
stored,store ed
dried,dry ed
echoed,echo ed
hopped,hop ed
started,start ed
starred,star ed
trapped,trap ed
happed,happen ed
bonked,bonk ed
stepped,step ed
pushed,push ed
watered,water ed
wiggled,wiggle ed
borrowed,borrow ed
followed,follow ed
sipped,sip ed
strapped,strap ed
drilled,drill ed
dripped,drip ed
whacked,whack ed
flushed,flush ed
tagged,tag ed
attached,attach ed
climbed,climb ed
banged,bang ed
grabbed,grab ed
believed,believe ed
flashed,flash ed
unzipped,unzip ed
coupled,couple ed
cooled,cool ed
blessed,bless ed
kicked,kick ed
tickled,tickle ed
invited,invite ed
spilled,spill ed
curved,curve ed
missed,miss ed
calmed,calm ed
wheeled,wheel ed
hearted,heart ed
rubbed,rub ed
deserved,deserve ed
petted,pet ed
talked,talk ed
bottled,bottle ed
diapered,diaper ed
loved,love ed
builded,build ed
practiced,practice ed
counted,count ed
flipped,flip ed
locked,lock ed
sucked,suck ed
skipped,skip ed
rained,rain ed
munched,munch ed
blocked,block ed
blamed,blame ed
killed,kill ed
relaxed,relax ed
rolled,roll ed
excused,excuse ed
behaved,behave ed
hunted,hunt ed
microwaved,microwave ed
snapped,snap ed
swallowed,swallow ed
tucked,tuck ed
wiped,wipe ed
reached,reach ed
controlled,control ed
wished,wish ed
twirled,twirl ed
dotted,dot ed
turned,turn ed
bited,bite ed
raked,rake ed
teased,tease ed
trashed,trash ed
joined,join ed
remembered,remember ed
smelled,smell ed
flopped,flop ed
combed,comb ed
offered,offer ed
mushed,mush ed
dived,dive ed
squeaked,squeak ed
lasted,last ed
thanked,thank ed
packed,pack ed
knowed,know ed
waited,wait ed
suited,suit ed
padded,pad ed
winked,wink ed
zipped,zip ed
bowed,bow ed
changed,change ed
paused,pause ed
dropped,drop ed
crusted,crust ed
meaned,mean ed
laughed,laugh ed
goed,go ed
collared,collar ed
spied,spy ed
combined,combine ed
toothed,tooth ed
drained,drain ed
squeezed,squeeze ed
puzzled,puzzle ed
tooted,toot ed
blinked,blink ed
brushed,brush ed
poisoned,poison ed
realized,realize ed
smiled,smile ed
lighted,light ed
folded,fold ed
surprised,surprise ed
shined,shine ed
cheated,cheat ed
shaked,shake ed
throated,throat ed
dumped,dump ed
stopped,stop ed
patted,pat ed
shaved,shave ed
waved,wave ed
tired,tire ed
rooted,root ed
damned,damn ed
played,play ed
tuned,tune ed
feathered,feather ed
curled,curl ed
touched,touch ed
peeled,peel ed
showered,shower ed
buckled,buckle ed
mailed,mail ed
dressed,dress ed
slided,slide ed
stamped,stamp ed
clunked,clunk ed
screamed,scream ed
scribbled,scribble ed
buzzed,buzz ed
lowered,lower ed
flied,fly ed
printed,print ed
parked,park ed
tested,test ed
based,base ed
checkered,checker ed
supposed,suppose ed
framed,frame ed
tricked,trick ed
spanked,spank ed
served,serve ed
worded,word ed
sorted,sort ed
snorted,snort ed
throwed,throw ed
ordered,order ed
ruled,rule ed
controlled,control ed
wished,wish ed
twirled,twirl ed
dotted,dot ed
turned,turn ed
bited,bite ed
raked,rake ed
teased,tease ed
trashed,trash ed
joined,join ed
remembered,remember ed
smelled,smell ed
flopped,flop ed
combed,comb ed
offered,offer ed
mushed,mush ed
dived,dive ed
squeaked,squeak ed
lasted,last ed
thanked,thank ed
packed,pack ed
knowed,know ed
waited,wait ed
suited,suit ed
padded,pad ed
winked,wink ed
zipped,zip ed
bowed,bow ed
changed,change ed
paused,pause ed
dropped,drop ed
crusted,crust ed
meaned,mean ed
laughed,laugh ed
goed,go ed
collared,collar ed
spied,spy ed
combined,combine ed
toothed,tooth ed
drained,drain ed
squeezed,squeeze ed
puzzled,puzzle ed
tooted,toot ed
blinked,blink ed
brushed,brush ed
poisoned,poison ed
realized,realize ed
smiled,smile ed
lighted,light ed
folded,fold ed
surprised,surprise ed
shined,shine ed
cheated,cheat ed
shaked,shake ed
throated,throat ed
dumped,dump ed
stopped,stop ed
patted,pat ed
shaved,shave ed
waved,wave ed
tired,tire ed
rooted,root ed
damned,damn ed
played,play ed
feathered,feather ed
curled,curl ed
touched,touch ed
peeled,peel ed
showered,shower ed
buckled,buckle ed
mailed,mail ed
dressed,dress ed
slided,slide ed
stamped,stamp ed
clunked,clunk ed
screamed,scream ed
scribbled,scribble ed
buzzed,buzz ed
lowered,lower ed
flied,fly ed
printed,print ed
parked,park ed
tested,test ed
based,base ed
checkered,checker ed
supposed,suppose ed
framed,frame ed
tricked,trick ed
spanked,spank ed
served,serve ed
worded,word ed
sorted,sort ed
snorted,snort ed
throwed,throw ed
ordered,order ed
ruled,rule ed
quilted,quilt ed
marched,march ed
logged,logg ed
cared,care ed
ruined,ruin ed
sponged,sponge ed
seated,seat ed
untied,untie ed
pasted,paste ed
ironed,iron ed
cooperated,cooperate ed
spotted,spot ed
rated,rate ed
Jed,INFNAME
connected,connect ed
milked,milk ed
skated,skate ed
smashed,smash ed
agreed,agree ed
barked,bark ed
doughed,dough ed
toasted,toast ed
roasted,roast ed
fired,fire ed
wired,wire ed
journeyed,journey ed
taped,tape ed
stuffed,stuff ed
fitted,fit ed
growed,grow ed
cheeped,cheep ed
sneezed,sneeze ed
sewed,sew ed
felled,fell ed
covered,cover ed
owned,own ed
pulled,pull ed
powdered,powder ed
zoomed,zoom ed
bunched,bunch ed
caused,cause ed
booked,book ed
faced,face ed
grained,grain ed
steamed,steam ed
expected,expect ed
handed,hand ed
wrapped,wrap ed
learned,learn ed
pieced,piece ed
scheduled,schedule ed
tightened,tighten ed
trotted,trot ed
taked,take ed
reminded,remind ed
stirred,stir ed
breaked,break ed
Ted,INFNAME
sneaked,sneak ed
bored,bore ed
nursed,nurse ed
protected,protect ed
straightened,straighten ed
chewed,chew ed
leaned,lean ed
ratted,rat ed
plugged,plug ed
doed,do ed
hammered,hammer ed
promised,promise ed
colored,color ed
called,call ed
mothered,mother ed
landed,land ed
cheered,cheer ed
chopped,chop ed
used,use ed
scrubbed,scrub ed
formed,form ed
listened,listen ed
delivered,deliver ed
meowed,meow ed
tripped,trip ed
lined,line ed
imagined,imagine ed
added,add ed
flapped,flap ed
visited,visit ed
explained,explain ed
hooked,hook ed
sighed,sigh ed
cried,cry ed
sawed,saw ed
buttered,butter ed
payed,pay ed
longed,long ed
smoked,smoke ed
flyed,fly ed
trimmed,trim ed
headed,head ed
paged,page ed
choked,choke ed
bended,bend ed
posed,pose ed
measured,measure ed
suggested,suggest ed
opened,open ed
pointed,point ed
fished,fish ed
died,die ed
happened,happen ed
bumped,bump ed
liked,like ed
traveled,travel ed
escaped,escape ed
messed,mess ed
napped,nap ed
balanced,balance ed
knocked,knock ed
decided,decide ed
grounded,ground ed
burned,burn ed
mashed,mash ed
shadowed,shadow ed
marked,mark ed
raced,race ed
cracked,crack ed
eated,eat ed
burped,burp ed
drinked,drink ed
chugged,chug ed
sprinkled,sprinkle ed
guessed,guess ed
rushed,rush ed
twisted,twist ed
grated,grate ed
breathed,breathe ed
blowed,blow ed
fixed,fix ed
forked,fork ed
dialed,dial ed
caged,cage ed
enjoyed,enjoy ed
crowed,crow ed
boiled,boil ed
clucked,cluck ed
barbecued,barbecue ed
weighed,weigh ed
pinched,pinch ed
poked,poke ed
bounced,bounce ed
smacked,smack ed
pooped,poop ed
roared,roar ed
asked,ask ed
buttoned,button ed
rented,rent ed
sprayed,spray ed
cooked,cook ed
scooted,scoot ed
argued,argue ed
powered,power ed
hiked,hike ed
sided,side ed
watched,watch ed
doubled,double ed
docked,dock ed
spelled,spell ed
tailed,tail ed
sounded,sound ed
clapped,clap ed
drawed,draw ed
pleased,please ed
piled,pile ed
salted,salt ed
snipped,snip ed
painted,paint ed
shipped,ship ed
scraped,scrape ed
checked,check ed
haired,hair ed
dusted,dust ed
returned,return ed
heated,heat ed
stayed,stay ed
corrected,correct ed
canned,can ed
answered,answer ed
popped,pop ed
alarmed,alarm ed
stretched,stretch ed
chipped,chip ed
belonged,belong ed
tiptoed,tiptoe ed
tipped,tip ed
matched,match ed
lowed,low ed
listed,list ed
traded,trade ed
stationed,station ed
hided,hide ed
tumbled,tumble ed
creamed,cream ed
styled,style ed
eyed,eye ed
settled,settle ed
polished,polish ed
trusted,trust ed
slammed,slam ed
wrecked,wreck ed
seemed,seem ed
nibbled,nibble ed
sealed,seal ed
cm,come
c'mon,come on
cmon,come on
um hum,mhm
youll,you'll
wantnaa,wanna
youkay,you okay
sa,s a
see,see
sit,sit
sthat,s that
she,she
sgonna,s gonna
yousilly,you silly
its,it 's
whatr,what 're
whattaya,what do you
whatza,what 's a
doesn',does n't
Ive,I 've
n'tcha,n't you
n'tchu,n't you
n'tchoo,n't you
goobye,goodbye
lookie,lookee
looka,look a
didn',did n't
diddya,did you
getchoo,get you
wherez,where 's
wheredawe,where do we
fer,for
goodnight,good night
sometim,sometime
somethin,something
somepin,something
somem,something
somen,something
doesn,does n't
outa,out of
gotchya,gotcha
gotchur,got your
gotchyou,got you
gotcher,got your
myumm,yum
whoo,woo
c'mere,come here
c'mon,come on
s'more,some more
hmhm,mhm
wouldcha,would you
whynchu,why n't you
why'ncha,why n't you
offa, off of
www,xxx
hasda,has to
mmhmm,mhm
couldju,could you
don'choo,don't you
shouldn'ta,should n't 've
uhhum,mhm
uhhh,uh
uhh,uh
uhmm,um
push'em,push em
anythin,anything
watcha,what you
toybox,toy box
toystore,toy store
umm,um
umhum,mhm
pickyaup,pick you up
birdy,birdie
kay,okay
Laura,INFNAME
whoah,whoa
byebye,bye bye
nexta,next to
woudjou,would you
woujou,would you
wontcha,wo n't you
jumpjump,jump jump
William,INFNAME
oo,ooh
gonegone,gone gone
piggie,piggy
fella,fellow
fellas,fellow 's
Nomi,INFNAME
Naima,INFNAME
brushbrush,brush brush
Mamaw,Mama
Alex,INFNAME
stickie,sticky
lemmee,lemme
musta,must 've
icecream,ice cream
ringring,ring ring
hitcha,hit you
boomboom,boom boom
Abe,INFNAME
drivedrive,drive drive
oinkoinkoink,oink oink oink
Henry,INFNAME
choochoo,choo choo
knockknock,knock knock
Birdy,Birdie
wholewheat,whole wheat
Lily,INFNAME
Nina,INFNAME
Ethan,INFNAME
Adam,INFNAME
drydry,dry dry
Nathaniel,INFNAME
sometim,sometime
Joseph,INFNAME
swingswing,swing swing
sweety,sweetie
haha,ha ha
woofwoof,woof woof
Sarah,INFNAME
froggy,froggie
Momma,Mama
Mommie,Mommy
wha,what
whaa,what
whadyou,what you
whatddya,what you
whadid,what did
whasthat,what 's that
whasat,what 's that
whachou,what you
whadja,what you
whadyou,what you
whaddaya,what do you
what,what
whada,what do
whattcha,what you
whadous,what does
whatr,what 're
wha'd'you,what you
whattaya,what do you
uhhum,mhm
bellybelly,belly belly
Max,INFNAME
Morgan,INFNAME
heehee,hee hee
Peter,INFNAME
Maggie,INFNAME
Marky,INFNAME
lala,la la
lalalalala,la la la la la
lalalala,la la la la
lalala,la la la
Violet,INFNAME
Santaclaus,Santa Claus
Manuela,INFNAME
vroomvroom,vroom vroom
upsidedown,upside down
Paul,INFNAME
Mr,Mister
somethin,something
Dillon,INFNAME
Mandy,INFNAME
Catherine,INFNAME
Michael,INFNAME
dyou,do you
Matthew,INFNAME
dada,da da
dadadada,da da da da
dadadadada,da da da da da
dadda,da da
dadada,da da da
yyy,xxx
blessins,bless ing 's
Timmy,INFNAME
d'you,do you
Mrs,Missus
Mark,INFNAME
Sam,INFNAME
Kalie,INFNAME
Bob,INFNAME
Johnny,INFNAME
mkay,okay
Sally,INFNAME
Megan,INFNAME
chuga,chugga
chuggachugga,chugga chugga
Charlie,INFNAME
Judy,INFNAME
momma,mama
moma,mama
Rachel,INFNAME
#INFNAME?,um
till,til
Ryan,INFNAME
Amanda,INFNAME
Melissa,INFNAME
Fraser,INFNAME
Alexander,INFNAME
dadadah,da da da
Erin,INFNAME
ehrm,uh
Olivia,INFNAME
David,INFNAME
Daisy,INFNAME
John,INFNAME
Theo,INFNAME
Xavier,INFNAME
jus,just
Maisy,INFNAME
cme,come
Matty,INFNAME
Trevor,INFNAME
Phoebe,INFNAME
Tom,INFNAME
ummhm,mhm
Ruby,INFNAME
tootoot,toot toot
Katie,INFNAME
Linda,INFNAME
Mary,INFNAME
Brittany,INFNAME
Patrick,INFNAME
hehe,heh heh
hehehe,heh heh heh
hehheh,heh heh
whada,what do
Ursula,INFNAME
Kent,INFNAME
Jane,INFNAME
Jack,INFNAME
Billy,INFNAME
Ursla,INFNAME
Hilda,INFNAME
Richard,INFNAME
Jamie,INFNAME
cmon,come on
Annie,INFNAME
Ben,INFNAME
have, have
hiy,hi
hoh,ho
Josh,INFNAME
Ann,INFNAME
Jessica,INFNAME
bahbahbahbah,ba ba ba ba
bah,ba
bahbah,ba ba
bahbahs,ba ba 's
Shem,INFNAME
till,til
dumdadumdadum,dum da dum da dum
Morgie,INFNAME
Gerry,INFNAME
Tabitha,INFNAME
djou, 'd you
dya, 'd you
Eric,INFNAME
Jennifer,INFNAME
Seth,INFNAME
Georgie,INFNAME
sh,shh
hun,hon
Pete,INFNAME
hunhunh,mhm
cn,can
Emily,INFNAME
Aislinn,INFNAME
Tim,INFNAME
Emma,INFNAME
Lisa,INFNAME
Jilly,INFNAME
Becky,INFNAME
hehe,heh heh
hehehe,heh heh heh
Lulu,INFNAME
Mike,INFNAME
Observer,Investigator
Matt,INFNAME
Kate,INFNAME
em,em
Sandy,INFNAME
Joe,INFNAME
Spencer,INFNAME
nothin,nothing
Andrew,INFNAME
Sammy,INFNAME
Kim,INFNAME
Sophie,INFNAME
frigerator,refrigerator
Elizabeth,INFNAME
Karen,INFNAME
Colin,INFNAME
Andy,INFNAME
Nancy,INFNAME
Liam,INFNAME
Rosie,INFNAME
Brisco,INFNAME
Laurie,INFNAME
Marie,INFNAME
Norman,INFNAME
Jay,INFNAME
Allen,INFNAME
Joanna,INFNAME
Danny,INFNAME
Fred,INFNAME
Jaylen,INFNAME
Dr,Doctor
Gabby,INFNAME
Sara,INFNAME
Alice,INFNAME
Brian,INFNAME
Sue,INFNAME
Stefan,INFNAME
woah,whoa
Jo,INFNAME
gi me,gimme
Steve,INFNAME
Anne,INFNAME
Jenny,INFNAME
buhblah,buh blah
Barbara,INFNAME
Lucy,INFNAME
Edena,INFNAME
Pat,INFNAME
Chester,INFNAME
Gloria,INFNAME
giddyup,giddy up
wiggily,wiggly
Stella,INFNAME
Maria,INFNAME
Debbie,INFNAME
Courtney,INFNAME
Vaivy,INFNAME
Potatohead,potato head
Joey,INFNAME
Miriam,INFNAME
Allison,INFNAME
Donna,INFNAME
Jimmy,INFNAME
Naomi,INFNAME
Jenell,INFNAME
muah,mwah
Tommy,INFNAME
ayayay,ay ay ay
ayay,ay ay
didldow,diddle dow
Dan,INFNAME
Sandra,INFNAME
Carl,INFNAME
Jesse,INFNAME
dat,that
Tamar,INFNAME
Dick,INFNAME
Cathy,INFNAME
Frederick,INFNAME
Marvin,INFNAME
Luke,INFNAME
Toby,INFNAME
Gail,INFNAME
Zoe,INFNAME
cuz,cause
whadyou,what you
mornin,morning
havta,have to
Ty,INFNAME
yall,y'all
d'ya,do you
okie dokie,okey dokey
Justin,INFNAME
Cindy,INFNAME
probly,probably
Martin,INFNAME
jammies,jammie 's
Betty,INFNAME
Jerry,INFNAME
Kay,INFNAME
Nathan,INFNAME
Susan,INFNAME
Wilson,INFNAME
Jen,INFNAME
Jim,INFNAME
Kathy,INFNAME
Jacob,INFNAME
Renee,INFNAME
gigglegigglegoogaga,giggle giggle googagaga
gigglegigglegoogoogoo,giggle giggle googoogoo
gigglegigglegoogooga,giggle giggle googooga
Murray,INFNAME
s'more,some more
Becca,INFNAME
Harvey,INFNAME
Ari,INFNAME
Frank,INFNAME
Play Doh,playdoh
playdough,playdoh
Play doh,playdoh
le s,let 's
d you,do you
where d, where 'd
what d,what 'd
c d,cd
ere,here
do n,do n't
did n,did n't
cme,come
t v,tv
want t,want to
play dough,playdoh
t the,to the
t see,to see
t do,to do
me t,me to
t go,to go
I d,i 'd
Chi,INFNAME
Rogerse,LNAME
le me,lemme
Roman,INFNAME
Brooklyn,INFNAME
George,INFNAME
Weener,INFNAME
tha 's,that 's
tha s,that 's
J P,INFNAME
J J,INFNAME
C J,INFNAME
T J,INFNAME
B J,INFNAME
P B J,pbj
p b j,pbj
Baaee,INFNAME
di you,did you
I di,I did
di n't,did n't
di we,did we
di n,did n't
di nt,did n't
Cromer,INFNAME
awoh,uhoh
Mot,Mommy
onna,gonna
wa n't,was n't
ninight,night night
ni night,night night
Gigi,INFNAME
weh,wah
Moosh,INFNAME
Tadi,INFNAME
Vas,INFNAME
Christopher Robin,ChristopherRobin
rumm,rum
yah,yeah
Toddy,INFNAME
Chantilly,INFNAME
End, 
Dorothy,INFNAME
Mumma,Momma
Family name, LNAME
Yaya,INFNAME
Wilbur,INFNAME
ehrm,um
Moomooshas,INFNAME
ope,op
Deedee,INFNAME
Wendy,INFNAME
Burt,Bert
corns,corn 's
